abundance,activity,composition,growth,habitat,life history,morphology,resource acquisition,survival
0,0,0,0,1,0,1,0,0
0,0,0,0,1,0,1,0,0
0,0,0,0,1,0,1,0,0
0,0,0,0,1,0,1,0,0
0,0,0,0,1,2,1,1,0
0,0,0,0,1,2,1,1,0
0,0,0,0,1,2,1,1,0
0,1,0,2,1,6,0,1,1
0,1,0,2,1,6,0,1,1
0,0,0,0,1,0,1,2,0
0,0,0,0,1,0,1,2,0
0,0,0,0,1,0,1,2,0
0,0,0,0,1,0,1,2,0
0,0,0,0,1,0,1,2,0
0,0,0,0,1,0,1,2,0
0,0,0,0,1,0,1,2,0
0,0,0,0,1,0,1,2,0
0,0,0,0,1,0,1,2,0
0,0,0,0,1,0,1,2,0
0,0,0,0,1,0,1,2,0
0,0,0,0,1,0,1,2,0
0,0,0,0,1,0,1,2,0
0,0,0,0,1,0,1,2,0
0,0,0,0,1,0,1,2,0
0,0,0,0,1,0,1,2,0
0,0,0,0,1,0,1,1,0
0,0,0,0,1,0,1,1,0
0,0,0,0,3,2,4,1,0
0,0,0,0,3,2,4,1,0
0,0,0,0,3,2,4,1,0
0,0,0,0,9,6,1,6,0
0,0,0,0,9,6,1,6,0
0,0,0,0,9,6,1,6,0
0,0,0,0,9,6,1,6,0
0,0,0,0,1,4,2,3,1
0,0,0,0,1,4,2,3,1
0,0,0,0,1,4,2,3,1
0,0,0,0,1,4,2,3,1
0,0,0,0,1,4,2,3,1
0,0,0,0,1,4,2,3,1
0,0,0,0,1,4,2,3,1
0,0,0,0,1,4,2,3,1
0,0,0,0,0,0,14,1,0
0,0,0,0,0,0,14,1,0
0,0,0,0,0,0,14,1,0
0,0,8,1,0,0,6,5,0
0,0,8,1,0,0,6,5,0
0,0,8,1,0,0,6,5,0
0,5,1,0,1,0,1,0,0
0,5,1,0,1,0,1,0,0
0,0,0,0,3,0,0,1,0
0,0,0,0,3,0,0,1,0
0,0,0,0,3,0,0,1,0
0,0,0,0,3,0,0,1,0
0,0,0,0,0,0,6,1,0
0,0,0,0,0,0,6,1,0
0,0,0,0,0,0,6,1,0
0,0,0,0,0,0,6,1,0
0,0,0,0,0,0,6,1,0
0,0,0,0,0,0,6,1,0
0,0,0,0,0,0,6,1,0
0,0,0,0,0,0,6,1,0
0,0,0,0,0,1,0,1,0
0,0,0,0,0,1,0,1,0
0,0,0,0,0,1,0,1,0
0,0,0,0,1,0,0,0,0
0,0,0,0,1,0,0,0,0
0,0,0,0,1,0,0,0,0
0,0,0,0,1,0,0,0,0
0,0,0,0,1,0,0,0,0
0,0,0,0,1,0,0,0,0
0,0,3,0,0,1,4,0,0
0,1,0,0,0,10,10,1,0
0,1,0,0,0,10,10,1,0
0,1,2,2,2,2,5,3,0
0,1,2,2,2,2,5,3,0
0,1,2,2,2,2,5,3,0
0,0,0,0,0,0,1,0,0
0,0,0,0,0,0,1,0,0
0,0,0,0,0,4,3,0,0
0,0,0,0,0,4,3,0,0
0,0,0,0,0,4,3,0,0
0,0,0,0,0,4,3,0,0
0,0,0,0,0,0,2,1,0
0,0,0,0,0,0,2,1,0
0,0,0,0,0,1,1,0,0
0,0,0,0,0,1,1,0,0
0,1,0,1,0,0,3,1,0
0,1,0,1,0,0,3,1,0
0,1,0,1,0,0,3,1,0
0,0,0,0,0,0,1,2,0
0,3,0,0,0,0,1,1,0
0,3,0,0,0,0,1,1,0
0,0,0,0,0,0,5,0,0
0,0,0,0,0,0,5,0,0
0,0,0,0,0,0,5,0,0
0,0,0,0,0,0,5,0,0
0,0,0,0,0,0,1,0,0
0,0,0,0,0,0,1,0,0
0,0,0,0,0,0,1,0,0
0,0,0,0,2,1,0,1,0
0,0,0,0,2,1,0,1,0
0,0,0,0,2,1,0,1,0
0,1,0,1,0,1,1,0,0
0,1,0,1,0,1,1,0,0
0,0,3,2,0,1,4,1,0
0,0,3,2,0,1,4,1,0
0,0,3,2,0,1,4,1,0
0,0,0,0,0,4,0,0,0
0,0,0,0,0,4,0,0,0
0,3,0,0,0,0,0,0,0
0,3,0,0,0,0,0,0,0
0,2,0,2,2,1,0,0,1
0,2,0,2,2,1,0,0,1
0,2,0,2,2,1,0,0,1
0,2,0,2,2,1,0,0,1
0,2,0,2,2,1,0,0,1
0,2,0,2,2,1,0,0,1
0,1,1,1,0,4,3,0,0
0,1,1,1,0,4,3,0,0
0,0,0,0,0,0,1,0,0
0,0,0,0,0,0,1,1,0
0,0,0,0,0,0,1,1,0
0,0,0,0,0,0,1,1,0
0,0,0,0,0,0,1,1,0
0,1,0,1,1,8,8,0,0
0,1,0,1,1,8,8,0,0
0,0,0,0,0,2,1,2,0
0,0,0,0,0,2,1,2,0
0,0,0,0,0,2,1,2,0
0,0,0,0,0,2,1,2,0
0,0,0,0,0,2,1,2,0
0,0,0,0,0,2,1,2,0
0,0,0,0,0,2,1,2,0
0,0,0,0,0,2,1,2,0
0,0,0,0,0,2,1,2,0
0,0,0,0,0,0,2,1,0
0,0,0,0,0,0,2,1,0
0,0,0,0,0,0,2,1,0
0,0,0,0,0,0,2,1,0
0,0,0,0,0,0,0,1,0
0,0,0,0,0,0,0,1,0
0,1,0,0,0,0,0,0,0
0,0,1,0,0,1,2,0,0
0,0,1,0,0,1,2,0,0
0,0,1,0,0,1,2,0,0
0,0,1,0,0,1,2,0,0
0,1,0,1,0,2,2,1,0
0,1,0,1,0,2,2,1,0
0,1,0,1,0,2,2,1,0
0,1,0,1,0,2,2,1,0
0,1,0,1,0,2,2,1,0
0,1,0,1,0,2,2,1,0
0,1,0,1,0,2,2,1,0
0,1,0,1,0,2,2,1,0
0,1,0,1,0,2,2,1,0
0,1,0,1,0,2,2,1,0
0,1,0,1,0,2,2,1,0
0,1,0,1,0,2,2,1,0
0,0,0,0,0,1,0,0,1
0,0,0,0,0,0,10,0,0
0,0,0,0,0,0,10,0,0
0,0,0,0,0,0,10,0,0
0,0,0,0,0,0,10,0,0
0,0,1,0,0,0,0,1,0
0,0,1,0,0,0,0,1,0
0,0,0,0,0,0,2,0,0
0,0,0,0,0,0,2,0,0
0,0,0,0,0,0,0,1,0
0,1,0,0,2,3,0,4,0
0,1,0,0,2,3,0,4,0
0,0,0,1,0,0,13,0,0
0,0,0,1,0,0,13,0,0
0,0,0,0,2,0,3,3,0
0,0,0,0,2,0,3,3,0
0,0,0,0,2,0,3,3,0
0,0,0,0,0,0,2,0,0
0,0,0,0,0,0,2,0,0
0,2,0,0,1,2,1,0,0
0,2,0,0,1,2,1,0,0
0,2,0,0,1,2,1,0,0
0,2,0,0,1,2,1,0,0
0,2,0,0,1,2,1,0,0
0,2,0,0,1,2,1,0,0
0,2,0,0,0,2,2,0,1
0,2,0,0,0,2,2,0,1
0,2,0,0,0,2,2,0,1
0,2,0,0,0,2,2,0,1
0,0,0,0,0,0,1,0,0
0,0,0,0,0,2,0,0,0
0,0,0,0,0,2,0,0,0
0,0,0,0,0,2,0,0,0
0,0,0,0,0,2,0,0,0
0,0,0,0,0,2,0,0,0
0,0,0,0,0,2,0,0,0
0,0,0,0,1,0,0,0,0
0,0,0,0,1,0,0,0,0
0,1,0,0,0,0,5,0,0
0,1,0,0,0,0,5,0,0
0,0,0,0,0,0,1,0,0
0,0,0,0,0,0,1,0,0
0,0,0,0,0,0,0,2,0
1,0,0,0,0,0,0,0,0
0,0,0,0,0,0,1,2,0
0,0,0,0,0,0,1,2,0
1,0,0,0,0,3,0,0,1
1,0,0,0,0,3,0,0,1
0,0,0,0,0,0,2,0,0
0,0,0,3,0,0,0,0,0
0,0,0,3,0,0,0,0,0
0,5,0,0,0,0,3,0,0
0,0,0,1,0,1,1,0,1
0,0,0,1,0,1,1,0,1
0,0,0,0,0,0,3,1,0
0,0,0,0,0,0,3,1,0
0,0,0,0,0,0,3,1,0
0,0,0,0,0,0,3,1,0
0,0,0,0,0,0,3,1,0
0,0,0,0,0,0,3,1,0
0,0,0,0,0,0,3,1,0
0,0,0,0,0,0,3,1,0
0,0,0,0,0,0,3,1,0
0,0,0,0,0,0,3,1,0
0,0,0,0,0,0,3,1,0
0,0,0,0,0,0,3,1,0
0,0,0,1,2,3,8,0,0
0,0,0,1,2,3,8,0,0
0,0,0,1,2,3,8,0,0
0,0,0,1,2,3,8,0,0
0,0,6,0,0,0,6,0,0
0,0,0,0,0,2,1,1,1
0,0,0,0,0,2,1,1,1
0,0,0,0,0,2,1,1,1
0,0,0,0,0,2,1,1,1
0,0,0,0,0,2,1,1,1
0,0,0,0,0,2,1,1,1
0,1,0,1,0,3,1,0,0
0,1,0,1,0,3,1,0,0
0,0,0,0,0,0,12,1,0
0,0,0,0,0,0,12,1,0
0,0,0,0,0,0,12,1,0
0,0,0,0,0,0,12,1,0
0,0,0,0,0,0,12,1,0
0,0,0,0,0,0,12,1,0
0,0,1,0,0,0,11,0,0
0,0,1,0,0,0,11,0,0
0,0,0,2,0,2,8,1,0
0,0,0,2,0,2,8,1,0
0,0,0,0,2,0,3,0,0
0,0,0,0,2,0,3,0,0
0,0,0,0,2,0,3,0,0
0,0,0,0,2,0,3,0,0
0,0,0,0,2,0,3,0,0
0,0,0,0,2,0,3,0,0
0,0,1,3,2,3,5,1,0
0,0,1,3,2,3,5,1,0
0,0,1,3,2,3,5,1,0
0,0,1,3,2,3,5,1,0
0,0,1,3,2,3,5,1,0
0,0,1,3,2,3,5,1,0
0,0,4,0,0,1,3,1,0
0,0,0,0,0,0,0,2,0
0,0,0,0,0,0,0,2,0
0,0,0,0,0,1,2,0,0
0,0,0,0,0,1,2,0,0
0,0,0,2,0,0,0,0,0
0,0,0,2,0,0,0,0,0
0,0,0,2,0,0,0,0,0
0,0,0,2,0,0,0,0,0
0,0,0,0,0,0,2,0,0
0,0,0,0,0,0,2,0,0
0,1,0,0,1,0,0,0,0
0,1,0,0,1,0,0,0,0
0,1,0,0,1,0,0,0,0
0,0,0,0,0,0,2,0,0
0,0,0,0,0,0,2,0,0
0,0,3,0,0,0,4,0,0
0,0,3,0,0,0,4,0,0
0,0,0,0,0,1,0,0,0
0,0,0,0,0,1,0,0,0
0,0,0,0,0,1,0,0,0
0,0,0,0,0,1,0,0,0
0,0,0,0,0,5,0,0,0
0,0,0,0,0,5,0,0,0
0,0,0,1,0,0,7,0,0
0,2,0,0,1,2,1,2,0
0,2,0,0,1,2,1,2,0
0,2,0,0,1,2,1,2,0
0,2,0,0,1,2,1,2,0
0,2,0,0,1,2,1,2,0
0,2,0,0,1,2,1,2,0
0,1,0,0,0,0,0,0,0
0,0,0,0,0,1,0,0,0
0,0,0,0,0,0,3,0,0
0,1,0,0,0,0,1,1,0
0,1,0,0,0,0,1,1,0
0,0,0,0,0,0,1,0,0
0,0,0,0,0,0,1,0,0
0,0,1,0,0,0,3,2,0
0,0,1,0,0,0,3,2,0
0,0,1,0,0,0,3,2,0
0,0,1,0,0,0,3,2,0
0,0,1,0,0,0,3,2,0
0,0,1,0,0,0,3,2,0
0,0,0,0,0,0,0,1,0
0,1,2,2,1,8,11,3,0
0,1,2,2,1,8,11,3,0
0,1,2,2,1,8,11,3,0
0,1,2,2,1,8,11,3,0
0,1,2,2,1,8,11,3,0
0,1,2,2,1,8,11,3,0
0,0,0,0,0,0,3,0,0
0,0,0,0,1,0,2,1,0
0,0,0,0,1,0,2,1,0
0,0,0,0,1,0,2,1,0
0,0,0,0,0,0,2,1,0
0,0,0,0,0,0,2,1,0
0,0,0,0,0,0,19,0,0
0,0,0,0,0,0,19,0,0
0,0,0,0,0,0,1,0,0
0,0,0,0,0,0,13,0,0
0,0,0,0,0,0,4,0,0
1,1,0,0,0,0,5,1,0
0,0,0,0,0,4,2,0,0
0,0,0,0,0,4,2,0,0
0,0,0,0,0,3,2,1,0
0,0,0,0,0,3,2,1,0
0,0,0,0,0,3,2,1,0
0,0,0,0,0,3,2,1,0
0,0,0,0,1,0,1,1,0
0,0,0,0,1,0,1,1,0
0,0,0,0,1,0,1,1,0
0,0,0,0,1,0,1,1,0
0,0,1,0,0,0,7,0,0
0,0,1,0,0,0,7,0,0
0,0,0,0,0,0,4,0,0
0,0,0,0,0,0,4,0,0
0,0,0,0,0,0,4,0,0
0,0,0,0,0,0,4,0,0
0,0,0,0,0,0,4,0,0
0,0,0,0,0,0,4,0,0
0,0,0,0,0,0,4,0,0
0,0,0,0,0,0,4,0,0
0,0,0,0,0,0,4,0,0
0,1,0,0,0,0,3,2,0
0,1,0,0,0,0,3,2,0
0,1,0,0,0,0,3,2,0
0,1,0,0,0,0,3,2,0
0,1,0,0,0,0,3,2,0
0,1,0,0,0,0,3,2,0
0,1,0,0,0,0,3,2,0
0,1,0,0,0,0,3,2,0
0,1,0,0,0,0,3,2,0
0,1,0,0,0,0,3,2,0
0,1,0,0,0,0,3,2,0
0,1,0,0,0,0,3,2,0
0,0,1,0,0,0,4,1,0
0,0,1,0,0,0,4,1,0
0,0,1,0,0,0,4,1,0
0,0,0,0,0,0,3,0,0
0,0,0,0,0,0,3,0,0
0,0,0,0,0,0,3,0,0
0,0,0,0,0,0,3,0,0
0,0,0,0,0,0,1,1,0
0,0,0,0,0,0,1,1,0
0,0,0,0,0,0,1,1,0
0,0,0,0,0,0,1,1,0
0,1,0,0,0,1,6,2,0
0,1,0,0,0,1,6,2,0
0,1,0,0,0,1,6,2,0
0,1,0,0,0,1,6,2,0
0,1,0,0,0,1,6,2,0
0,1,0,0,0,1,6,2,0
0,1,0,0,0,1,6,2,0
0,1,0,0,0,1,6,2,0
0,1,0,0,0,1,6,2,0
0,0,0,0,2,2,2,2,1
0,0,0,0,2,2,2,2,1
0,0,0,0,2,2,2,2,1
0,0,0,0,2,2,2,2,1
0,0,0,0,2,2,2,2,1
0,0,0,0,2,2,2,2,1
0,0,0,0,2,2,2,2,1
0,0,0,0,2,2,2,2,1
1,0,0,0,0,0,0,0,0
1,0,0,0,0,0,0,0,0
1,0,0,0,0,0,0,0,0
1,0,0,0,0,0,0,0,0
0,1,0,0,0,0,3,2,0
0,1,0,0,0,0,3,2,0
0,1,0,0,0,0,3,2,0
0,1,0,0,0,0,3,2,0
0,1,0,0,0,0,3,2,0
0,1,0,0,0,0,3,2,0
0,0,0,0,1,1,2,1,0
0,0,0,0,1,1,2,1,0
0,0,0,0,1,1,2,1,0
0,0,0,0,1,1,2,1,0
0,0,0,0,1,1,2,1,0
0,0,0,0,1,1,2,1,0
0,2,0,0,0,0,0,1,0
0,2,0,0,0,0,0,1,0
0,2,0,0,0,0,0,1,0
0,2,0,0,0,0,0,1,0
0,2,0,0,0,0,0,1,0
0,2,0,0,0,0,0,1,0
0,2,0,0,0,0,0,1,0
0,2,0,0,0,0,0,1,0
0,0,2,0,0,0,4,0,0
0,0,2,0,0,0,4,0,0
0,0,2,0,0,0,4,0,0
0,0,2,0,0,0,4,0,0
0,1,0,0,0,2,0,1,0
0,1,0,0,0,2,0,1,0
0,0,0,0,4,3,3,2,1
0,0,0,0,4,3,3,2,1
0,0,0,0,4,3,3,2,1
0,0,0,0,4,3,3,2,1
0,0,0,0,4,3,3,2,1
0,0,0,0,4,3,3,2,1
0,0,0,0,4,3,3,2,1
0,0,0,0,4,3,3,2,1
0,0,0,0,4,3,3,2,1
0,0,0,0,4,3,3,2,1
0,0,0,0,4,3,3,2,1
0,0,0,0,4,3,3,2,1
0,0,0,0,4,3,3,2,1
0,0,0,0,4,3,3,2,1
0,0,0,0,4,3,3,2,1
0,0,0,0,4,3,3,2,1
0,0,0,0,1,0,2,0,0
0,0,0,0,1,0,2,0,0
0,0,2,0,0,0,3,0,1
0,0,2,0,0,0,3,0,1
0,0,0,0,0,0,1,0,0
0,1,0,0,0,0,8,0,0
0,1,0,0,0,0,8,0,0
0,0,0,0,0,2,0,0,0
0,0,0,0,0,2,0,0,0
0,0,0,0,0,1,0,0,0
0,4,0,1,0,0,0,8,1
0,4,0,1,0,0,0,8,1
0,4,0,1,0,0,0,8,1
0,4,0,1,0,0,0,8,1
0,2,2,0,1,0,20,3,0
0,2,2,0,1,0,20,3,0
0,2,2,0,1,0,20,3,0
0,2,2,0,1,0,20,3,0
0,2,2,0,1,0,20,3,0
0,2,2,0,1,0,20,3,0
0,2,2,0,1,0,20,3,0
0,2,2,0,1,0,20,3,0
0,0,0,3,1,2,5,0,0
0,0,0,3,1,2,5,0,0
0,0,5,0,0,0,11,0,0
0,1,0,0,0,0,1,0,0
0,1,0,0,0,0,1,0,0
0,1,0,0,0,0,1,0,0
0,1,0,0,0,0,1,0,0
0,0,0,0,0,0,1,1,0
0,0,0,0,0,0,1,1,0
0,0,0,0,0,0,1,1,0
0,0,0,0,0,0,1,1,0
0,0,0,0,1,0,2,2,0
0,0,0,0,1,0,2,2,0
0,0,0,0,1,0,2,2,0
0,0,0,0,1,0,2,2,0
0,0,0,0,1,0,2,2,0
0,0,0,0,1,0,2,2,0
0,0,0,0,1,0,2,2,0
0,0,0,0,1,0,2,2,0
0,0,0,0,1,0,2,2,0
0,0,0,0,1,0,2,2,0
0,0,0,0,1,0,2,2,0
0,0,0,0,1,0,2,2,0
0,0,0,0,0,0,1,1,0
0,0,0,0,0,0,1,1,0
0,0,0,0,0,0,1,1,0
0,0,0,0,0,0,1,1,0
0,0,0,0,0,0,1,1,0
0,0,0,0,0,0,1,1,0
0,0,0,0,0,0,1,1,0
0,0,0,0,0,0,1,1,0
0,0,0,0,0,0,1,1,0
0,0,0,0,0,0,1,1,0
0,0,0,0,0,0,1,1,0
0,0,0,0,0,0,1,1,0
0,0,5,0,0,0,0,0,0
0,0,5,0,0,0,0,0,0
0,1,3,1,0,2,7,1,0
0,1,3,1,0,2,7,1,0
0,1,3,1,0,2,7,1,0
0,0,0,0,0,0,3,1,0
0,0,0,0,0,0,2,1,0
0,0,0,0,0,0,2,1,0
0,0,2,1,0,0,1,2,0
0,0,2,1,0,0,1,2,0
0,0,2,1,0,0,1,2,0
0,0,2,1,0,0,1,2,0
0,0,2,1,0,0,1,2,0
0,0,2,1,0,0,1,2,0
0,0,2,1,0,0,1,2,0
0,0,2,1,0,0,1,2,0
0,0,0,0,1,5,1,1,0
0,0,0,0,1,5,1,1,0
0,0,0,0,1,5,1,1,0
0,0,0,0,1,5,1,1,0
0,0,0,0,1,5,1,1,0
0,0,0,0,1,5,1,1,0
0,1,0,0,0,0,0,0,0
0,3,0,0,0,0,0,1,0
0,3,0,0,0,0,0,1,0
0,1,0,0,0,0,1,0,0
0,1,0,0,0,0,1,0,0
0,1,0,0,0,0,1,0,0
0,1,0,0,0,0,1,0,0
0,0,0,0,0,0,0,3,0
0,0,0,0,0,0,0,3,0
0,0,0,0,0,0,3,0,0
0,0,0,1,0,1,0,1,1
0,0,0,1,0,1,0,1,1
0,1,0,0,0,1,3,0,0
0,1,0,0,0,1,3,0,0
0,0,0,0,0,0,1,0,0
0,1,0,0,1,0,1,1,0
0,1,0,0,1,0,1,1,0
0,0,0,0,0,0,11,0,0
0,0,1,0,0,0,0,0,0
0,0,1,0,0,0,0,0,0
0,2,0,0,0,0,0,0,0
0,1,0,0,0,0,0,0,0
0,0,0,2,0,1,2,0,2
0,0,0,2,0,1,2,0,2
0,0,0,0,0,0,1,0,0
0,0,0,0,0,0,1,0,0
0,0,0,0,0,1,3,0,0
0,0,0,0,0,1,3,0,0
0,0,1,0,1,2,4,4,0
0,0,1,0,1,2,4,4,0
0,0,1,0,1,2,4,4,0
0,0,0,0,0,0,4,0,0
0,0,0,0,0,0,4,0,0
0,0,0,0,1,2,2,2,0
0,0,0,0,1,2,2,2,0
0,0,0,0,1,2,2,2,0
0,0,0,0,1,2,2,2,0
0,0,0,0,1,2,2,2,0
0,0,0,0,1,2,2,2,0
0,0,0,0,0,0,4,0,0
0,0,0,0,0,0,4,0,0
0,0,0,0,0,0,7,2,0
0,1,0,0,0,0,0,0,0
0,0,0,0,1,0,1,1,0
0,0,0,0,1,0,1,1,0
0,0,0,0,1,0,1,1,0
0,0,0,0,1,0,1,1,0
0,0,0,0,1,0,1,1,0
0,0,0,0,1,0,1,1,0
0,0,0,0,1,0,1,1,0
0,0,0,0,1,0,1,1,0
0,0,0,0,0,0,0,1,0
0,0,0,0,0,0,0,1,0
0,0,1,1,1,0,5,0,0
0,0,1,1,1,0,5,0,0
0,0,0,0,0,1,1,3,0
0,0,0,0,0,1,1,3,0
0,1,0,0,1,4,4,0,0
0,1,0,0,1,4,4,0,0
0,1,0,0,1,4,4,0,0
0,1,0,0,1,4,4,0,0
0,0,0,0,0,1,2,0,0
0,0,0,0,0,1,2,0,0
0,0,0,0,0,0,3,0,0
0,0,0,0,0,0,3,0,0
0,0,4,0,0,0,4,1,0
0,0,4,0,0,0,4,1,0
0,0,0,0,2,1,1,0,0
0,0,0,0,2,1,1,0,0
0,0,0,0,0,0,0,2,0
0,0,0,0,0,0,0,2,0
0,0,0,0,0,0,7,0,0
0,0,0,0,0,0,2,1,0
0,0,0,0,0,0,2,1,0
0,0,0,0,0,0,2,1,0
0,0,0,0,0,0,2,1,0
0,0,0,0,0,0,2,1,0
0,0,0,0,0,0,2,1,0
0,0,0,0,0,0,1,0,0
0,0,0,0,0,0,0,1,0
0,0,0,0,0,1,0,0,0
0,0,0,0,0,0,2,0,0
0,0,0,1,0,3,2,0,0
0,0,0,1,0,3,2,0,0
0,0,0,0,0,0,0,1,0
0,0,0,0,2,1,0,1,0
0,0,0,0,2,1,0,1,0
0,0,0,0,2,1,0,1,0
0,0,0,0,2,1,0,1,0
0,0,0,0,2,1,0,1,0
0,0,0,0,2,1,0,1,0
0,0,0,0,0,0,0,2,0
0,1,1,1,0,2,10,0,0
0,1,1,1,0,2,10,0,0
0,1,1,1,0,2,10,0,0
0,1,1,1,0,2,10,0,0
0,1,0,0,0,0,1,0,0
0,0,0,0,0,0,0,1,0
0,0,0,0,0,0,1,0,0
0,0,0,0,0,0,1,0,0
0,0,0,0,0,0,15,0,0
0,0,0,0,0,1,6,0,0
0,0,0,0,0,1,6,0,0
0,0,0,0,0,1,6,0,0
0,0,0,0,0,1,6,0,0
0,0,0,1,1,1,0,0,0
0,0,0,1,1,1,0,0,0
0,0,0,1,1,1,0,0,0
0,0,0,1,1,1,0,0,0
0,0,0,1,1,1,0,0,0
0,0,0,1,1,1,0,0,0
1,0,4,0,0,0,6,0,0
0,0,2,0,0,0,0,0,0
1,0,0,0,0,0,1,0,0
0,0,0,0,2,0,0,0,0
0,0,0,0,2,0,0,0,0
0,0,0,0,0,5,2,4,0
0,0,0,0,0,5,2,4,0
0,0,0,0,0,5,2,4,0
0,0,0,0,0,5,2,4,0
0,0,0,0,0,5,2,4,0
0,0,0,0,0,5,2,4,0
0,0,0,0,0,5,2,4,0
0,0,0,0,0,5,2,4,0
0,0,0,0,0,5,2,4,0
0,0,0,0,0,5,2,4,0
0,0,0,0,0,5,2,4,0
0,0,0,0,0,5,2,4,0
0,0,0,0,0,5,2,4,0
0,0,0,0,0,5,2,4,0
0,0,0,0,0,5,2,4,0
0,0,0,0,0,5,2,4,0
0,0,1,0,0,0,0,0,0
0,0,1,0,0,0,0,0,0
0,0,0,0,0,3,2,0,0
0,0,0,0,0,3,2,0,0
0,0,0,0,0,3,2,0,0
0,0,0,0,0,3,2,0,0
0,1,0,0,0,1,6,0,0
0,1,0,0,0,1,6,0,0
0,1,0,0,0,1,6,0,0
0,1,0,0,0,1,6,0,0
0,1,0,0,0,1,6,0,0
0,1,0,0,0,1,6,0,0
0,1,0,0,0,1,6,0,0
0,1,0,0,0,1,6,0,0
0,0,0,0,0,0,1,0,0
0,0,0,0,0,0,1,1,0
0,0,0,0,0,0,1,1,0
0,0,0,0,0,0,1,1,0
0,0,0,0,0,0,1,1,0
0,0,0,0,1,0,0,0,0
0,0,0,0,1,0,0,0,0
0,0,0,0,1,0,1,2,0
0,0,0,0,1,0,1,2,0
0,0,0,0,1,0,1,2,0
0,0,0,0,1,0,1,2,0
0,3,0,0,0,0,3,0,0
0,3,0,0,0,0,3,0,0
0,1,0,0,3,0,1,0,2
0,1,0,0,3,0,1,0,2
0,1,0,0,3,0,1,0,2
0,1,0,0,3,0,1,0,2
0,1,0,0,3,0,1,0,2
0,1,0,0,3,0,1,0,2
0,1,0,0,3,0,1,0,2
0,1,0,0,3,0,1,0,2
0,2,0,0,0,5,3,1,0
0,2,0,0,0,5,3,1,0
0,2,0,0,0,5,3,1,0
0,0,0,0,1,0,2,0,0
0,0,0,0,1,0,2,0,0
0,1,0,0,2,0,1,2,0
0,1,0,0,2,0,1,2,0
0,1,0,0,2,0,1,2,0
0,1,0,0,2,0,1,2,0
0,0,0,0,0,2,2,1,0
0,0,0,0,0,2,2,1,0
0,0,0,0,0,2,0,2,2
0,0,0,0,0,2,0,2,2
0,0,0,0,0,2,0,2,2
0,0,0,0,0,6,0,0,0
0,0,0,0,0,6,0,0,0
0,0,0,0,0,0,0,0,1
0,0,0,0,0,0,2,1,0
0,0,0,0,0,0,2,1,0
0,0,0,0,0,0,0,1,0
1,2,0,0,3,1,1,4,1
1,2,0,0,3,1,1,4,1
1,2,0,0,3,1,1,4,1
0,0,0,0,0,3,1,0,0
0,0,0,0,0,3,1,0,0
0,0,0,0,0,1,0,0,0
0,0,0,0,0,1,0,0,0
0,0,0,0,0,1,0,0,0
0,0,0,0,0,1,0,0,0
0,0,0,0,0,0,0,1,0
0,0,0,0,0,0,0,1,0
0,1,0,0,0,0,0,1,0
0,1,0,0,0,0,0,1,0
0,1,0,0,0,0,0,1,0
0,1,0,0,0,0,0,1,0
0,1,0,0,0,0,0,1,0
0,1,0,0,0,0,0,1,0
0,1,0,0,0,0,0,1,0
0,1,0,0,0,0,0,1,0
0,2,0,0,2,1,1,2,0
0,2,0,0,2,1,1,2,0
0,2,0,0,2,1,1,2,0
0,0,0,1,0,2,3,3,0
0,0,0,1,0,2,3,3,0
0,0,0,1,0,2,3,3,0
0,1,0,0,1,0,0,2,0
0,1,0,0,1,0,0,2,0
0,1,0,0,1,0,0,2,0
0,1,0,0,1,0,0,2,0
0,1,0,0,1,0,0,2,0
0,1,0,0,1,0,0,2,0
0,0,1,0,0,0,0,3,0
0,0,1,0,0,0,0,3,0
0,0,1,0,0,1,5,0,0
0,0,1,0,0,1,5,0,0
0,0,1,0,0,1,5,0,0
0,0,1,0,0,1,5,0,0
0,0,1,0,0,1,5,0,0
0,0,1,0,0,1,5,0,0
0,0,1,0,0,1,5,0,0
0,0,1,0,0,1,5,0,0
0,0,1,0,0,0,3,0,0
0,1,0,0,1,1,1,2,0
0,1,0,0,1,1,1,2,0
0,1,0,0,1,1,1,2,0
0,1,0,0,1,1,1,2,0
0,1,0,0,1,1,1,2,0
0,1,0,0,1,1,1,2,0
0,1,0,0,1,1,1,2,0
0,1,0,0,1,1,1,2,0
0,1,0,0,1,1,1,2,0
0,0,0,1,0,0,1,0,0
0,0,0,1,0,0,1,0,0
0,0,0,1,0,0,1,0,0
0,0,0,1,0,0,1,0,0
0,0,0,1,0,1,0,0,1
0,0,0,0,0,0,2,0,0
0,0,0,0,0,0,2,0,0
0,0,0,0,1,0,0,0,0
0,0,0,0,0,0,0,1,0
0,0,0,1,2,0,3,0,0
0,0,0,1,2,0,3,0,0
0,0,0,1,2,0,3,0,0
0,1,0,0,8,4,2,7,0
0,1,0,0,8,4,2,7,0
0,1,0,0,8,4,2,7,0
0,1,0,0,8,4,2,7,0
0,1,0,0,8,4,2,7,0
0,1,0,0,8,4,2,7,0
0,1,0,0,8,4,2,7,0
0,1,0,0,8,4,2,7,0
0,1,0,0,8,4,2,7,0
0,1,0,0,8,4,2,7,0
0,1,0,0,8,4,2,7,0
0,1,0,0,8,4,2,7,0
0,1,0,0,8,4,2,7,0
0,1,0,0,8,4,2,7,0
0,1,0,0,8,4,2,7,0
0,1,0,0,8,4,2,7,0
0,1,1,0,0,0,2,1,0
0,1,1,0,0,0,2,1,0
0,1,1,0,0,0,2,1,0
0,1,1,0,0,0,2,1,0
0,1,1,0,0,0,2,1,0
0,1,1,0,0,0,2,1,0
0,0,0,0,1,0,1,1,0
0,0,0,0,1,0,1,1,0
0,0,4,4,1,5,5,3,0
0,0,4,4,1,5,5,3,0
0,0,4,4,1,5,5,3,0
0,0,4,4,1,5,5,3,0
0,0,0,1,0,0,0,0,1
0,1,0,0,0,0,0,0,0
0,1,0,0,0,0,0,0,0
0,0,0,0,0,0,1,0,0
0,0,0,0,0,0,1,0,0
0,0,0,0,0,0,1,0,0
0,0,0,0,0,0,1,0,0
0,0,0,0,2,3,2,2,0
0,0,0,0,2,3,2,2,0
0,0,0,0,2,3,2,2,0
0,0,0,0,2,3,2,2,0
0,0,0,0,2,3,2,2,0
0,0,0,0,2,3,2,2,0
0,0,0,0,2,3,2,2,0
0,0,0,0,2,3,2,2,0
0,2,0,0,2,0,2,0,0
0,2,0,0,2,0,2,0,0
0,2,0,0,2,0,2,0,0
0,2,0,0,2,0,2,0,0
0,2,0,0,2,0,2,0,0
0,2,0,0,2,0,2,0,0
0,0,1,0,0,0,0,0,0
0,0,1,0,0,0,0,0,0
0,0,0,0,1,0,0,2,0
0,0,0,0,1,0,0,2,0
0,0,0,0,1,0,0,2,0
0,0,3,0,0,0,0,1,0
0,0,3,0,0,0,0,1,0
0,0,0,0,0,0,0,1,0
0,0,0,0,0,0,1,0,0
0,3,0,0,2,1,1,0,0
0,3,0,0,2,1,1,0,0
0,3,0,0,2,1,1,0,0
0,3,0,0,2,1,1,0,0
0,3,0,0,2,1,1,0,0
0,3,0,0,2,1,1,0,0
0,0,6,0,0,1,5,0,0
0,0,6,0,0,1,5,0,0
0,0,1,1,0,1,2,0,0
0,0,1,1,0,1,2,0,0
0,0,0,0,0,0,7,0,0
0,0,0,0,0,0,7,0,0
0,1,0,0,1,0,3,1,0
0,1,0,0,1,0,3,1,0
0,1,0,0,1,0,3,1,0
0,1,0,0,1,0,3,1,0
0,1,0,0,1,0,3,1,0
0,1,0,0,1,0,3,1,0
0,1,0,0,0,0,1,0,0
0,1,0,0,0,0,1,0,0
0,2,0,0,0,0,0,2,0
0,2,0,0,0,0,0,2,0
0,2,0,0,0,0,0,2,0
0,2,0,0,0,0,0,2,0
0,0,0,0,0,0,5,0,0
0,0,0,0,0,0,5,0,0
0,0,0,0,0,0,1,1,0
0,0,0,0,0,0,1,1,0
0,0,0,0,0,0,1,1,0
0,0,0,0,0,0,1,1,0
0,0,0,0,0,0,1,1,0
0,0,0,0,0,0,1,1,0
0,0,1,0,0,0,0,1,0
0,0,2,0,0,0,3,0,0
0,0,2,0,0,0,3,0,0
0,0,2,0,0,0,3,0,0
0,0,2,0,0,0,3,0,0
0,1,5,4,0,3,10,3,0
0,1,5,4,0,3,10,3,0
0,1,5,4,0,3,10,3,0
0,1,5,4,0,3,10,3,0
0,0,0,0,0,0,2,0,0
0,0,0,0,0,0,0,2,0
0,0,0,0,1,0,0,1,0
0,0,0,0,1,0,0,1,0
0,0,0,0,1,0,0,1,0
0,0,0,0,1,0,0,1,0
0,1,0,0,0,0,1,3,0
0,1,0,0,0,0,1,3,0
0,1,0,0,0,0,1,3,0
0,0,0,0,0,0,1,3,0
0,0,0,0,0,0,1,3,0
0,0,0,0,0,0,1,3,0
0,0,0,0,0,0,1,3,0
0,0,0,0,0,0,1,3,0
0,0,0,0,0,0,1,3,0
0,0,0,0,0,0,0,1,0
0,0,0,0,0,0,0,1,0
0,0,0,0,0,0,1,0,0
0,0,0,0,0,0,1,0,0
0,0,0,0,0,0,1,0,0
0,0,0,0,0,0,1,0,0
0,0,0,0,0,0,0,2,1
0,0,0,0,0,0,0,2,1
0,0,0,0,0,1,0,0,0
0,0,0,0,0,1,0,0,0
0,0,0,0,2,0,0,0,0
0,0,0,0,2,0,0,0,0
0,0,0,0,0,0,1,0,0
0,0,0,0,0,1,1,0,0
0,0,0,0,0,1,1,0,0
0,2,0,0,0,0,1,1,0
0,2,0,0,0,0,1,1,0
0,2,0,0,1,5,1,0,2
0,2,0,0,1,5,1,0,2
0,2,0,0,1,5,1,0,2
0,2,0,0,1,5,1,0,2
0,2,0,0,1,5,1,0,2
0,2,0,0,1,5,1,0,2
0,2,0,0,1,5,1,0,2
0,2,0,0,1,5,1,0,2
0,2,0,0,1,5,1,0,2
0,2,0,0,1,5,1,0,2
0,2,0,0,1,5,1,0,2
0,2,0,0,1,5,1,0,2
0,2,0,0,0,0,1,0,0
0,2,0,0,0,0,1,0,0
0,0,0,0,0,0,2,0,0
0,0,0,0,0,0,2,0,0
0,0,0,0,0,0,2,1,0
0,0,0,0,0,0,2,1,0
0,0,0,0,0,0,2,1,0
0,0,0,0,0,0,2,1,0
0,0,0,0,0,0,2,1,0
0,0,0,0,0,0,2,1,0
0,0,0,0,1,0,0,0,0
0,0,0,0,1,0,0,0,0
0,0,3,0,0,0,3,0,0
0,0,0,0,0,0,4,0,0
0,0,0,0,0,0,4,0,0
0,0,0,0,0,1,3,0,0
0,0,1,0,0,0,1,0,0
0,0,0,0,0,1,2,0,0
0,0,0,0,0,1,2,0,0
0,0,0,0,0,1,2,0,0
0,0,0,0,0,1,2,0,0
0,1,0,0,0,0,1,0,0
0,0,0,0,1,0,1,0,0
0,0,0,0,1,0,1,0,0
0,0,0,0,1,0,1,0,0
0,0,0,0,1,0,1,0,0
0,0,0,0,1,0,1,0,0
0,0,0,0,1,0,1,0,0
0,0,0,0,0,0,1,0,0
0,0,0,0,0,0,6,0,0
0,0,0,0,1,0,2,1,1
0,0,0,0,1,0,2,1,1
1,1,0,0,0,4,1,2,0
1,1,0,0,0,4,1,2,0
1,1,0,0,0,4,1,2,0
1,1,0,0,0,4,1,2,0
1,1,0,0,0,4,1,2,0
1,1,0,0,0,4,1,2,0
0,0,0,1,0,0,0,0,0
0,0,0,0,0,0,0,1,0
0,0,0,0,0,0,0,1,0
0,0,0,0,0,0,0,1,0
0,0,0,0,0,0,1,0,0
0,0,0,0,0,2,0,0,0
0,1,0,0,2,1,1,2,0
0,1,0,0,2,1,1,2,0
0,1,0,0,2,1,1,2,0
0,1,0,0,2,1,1,2,0
0,1,0,0,2,1,1,2,0
0,1,0,0,2,1,1,2,0
0,0,0,0,0,4,2,1,0
0,0,0,0,0,4,2,1,0
0,0,0,0,0,4,2,1,0
0,0,0,0,0,4,2,1,0
0,0,0,0,0,0,1,0,0
0,0,0,0,0,0,1,0,0
1,0,0,0,0,1,4,0,0
0,0,0,0,0,1,1,0,0
0,0,0,0,0,1,1,0,0
0,0,0,0,0,1,1,0,0
0,0,0,0,0,1,1,0,0
0,0,0,0,0,0,1,1,0
0,0,0,0,0,0,1,1,0
0,0,0,0,0,0,0,1,0
0,0,0,0,0,0,5,0,0
0,0,0,0,0,0,5,0,0
0,0,0,0,1,0,1,0,0
0,0,0,0,1,0,1,0,0
0,0,0,0,1,0,0,0,0
0,0,0,0,1,0,0,0,0
0,0,0,0,0,0,1,0,0
0,0,0,0,0,0,1,0,0
0,0,0,0,0,0,0,1,0
0,0,0,0,2,2,1,1,0
0,0,0,0,2,2,1,1,0
0,0,0,0,2,2,1,1,0
0,0,0,0,2,2,1,1,0
0,0,0,0,2,2,1,1,0
0,0,0,0,2,2,1,1,0
0,0,0,0,0,0,1,0,0
0,0,0,0,0,0,1,0,0
0,0,0,0,0,0,1,0,0
0,0,0,0,0,0,1,0,0
0,0,0,0,0,0,0,1,1
0,0,0,0,0,0,0,1,1
0,0,0,0,0,0,0,1,1
0,0,0,0,0,0,0,1,1
0,0,0,0,0,0,0,1,1
0,0,0,0,0,0,0,1,1
0,1,1,0,0,1,7,1,0
0,1,1,0,0,1,7,1,0
0,1,1,0,0,1,7,1,0
0,1,1,0,0,1,7,1,0
0,1,1,0,0,1,7,1,0
0,1,1,0,0,1,7,1,0
0,1,1,0,0,1,7,1,0
0,1,1,0,0,1,7,1,0
0,1,1,0,0,1,7,1,0
0,0,0,0,0,0,1,0,0
0,0,0,0,0,0,1,0,0
0,0,2,1,0,0,6,0,0
0,0,2,1,0,0,6,0,0
0,1,0,0,0,0,0,0,0
0,1,0,0,0,0,0,0,0
0,1,0,0,0,0,0,0,0
0,1,0,0,0,0,0,0,0
0,0,1,0,0,0,1,1,0
0,1,1,0,0,1,7,0,0
0,1,1,0,0,1,7,0,0
0,1,1,0,0,1,7,0,0
0,1,1,0,0,1,7,0,0
0,0,1,0,0,0,0,0,0
0,0,1,0,0,0,0,0,0
0,1,0,0,1,0,0,0,0
0,1,0,0,1,0,0,0,0
0,1,0,0,1,0,0,0,0
0,1,0,0,1,0,0,0,0
0,1,0,0,1,0,0,0,0
0,1,0,0,1,0,0,0,0
0,1,0,0,1,0,0,0,0
0,1,0,0,1,0,0,0,0
0,1,0,0,1,0,0,0,0
0,1,0,0,1,0,0,0,0
0,1,0,0,1,0,0,0,0
0,1,0,0,1,0,0,0,0
0,0,1,0,0,2,5,2,0
0,0,1,0,0,2,5,2,0
0,0,1,0,0,2,5,2,0
0,0,0,0,0,0,1,1,0
0,0,0,0,0,0,1,1,0
0,2,1,0,0,0,3,2,0
0,2,1,0,0,0,3,2,0
0,2,1,0,0,0,3,2,0
0,2,1,0,0,0,3,2,0
0,2,1,0,0,0,3,2,0
0,2,1,0,0,0,3,2,0
0,2,1,0,0,0,3,2,0
0,2,1,0,0,0,3,2,0
0,0,0,0,0,0,3,0,0
0,0,0,1,1,1,1,2,0
0,0,0,1,1,1,1,2,0
0,0,0,1,1,1,1,2,0
0,0,0,1,1,1,1,2,0
0,0,0,1,1,1,1,2,0
0,0,0,1,1,1,1,2,0
0,0,0,0,0,0,44,1,0
0,0,0,0,0,0,44,1,0
0,0,0,0,0,0,0,2,0
0,0,0,0,0,0,0,2,0
0,0,0,0,0,0,0,2,0
0,0,0,0,0,0,0,2,0
0,0,0,0,0,0,0,2,0
0,0,0,0,0,0,0,2,0
0,0,0,0,0,0,0,2,0
0,0,0,0,0,0,0,2,0
0,0,15,0,0,0,0,0,0
0,0,15,0,0,0,0,0,0
0,0,0,1,0,0,1,1,0
0,0,0,1,0,0,1,1,0
0,0,0,1,0,0,1,1,0
0,0,0,1,0,0,1,1,0
0,0,0,1,0,0,1,1,0
0,0,0,1,0,0,1,1,0
0,0,0,0,0,0,0,1,0
0,0,1,0,0,0,1,2,0
0,0,1,0,0,0,1,2,0
0,1,0,0,0,3,4,4,0
0,1,0,0,0,3,4,4,0
0,1,0,0,0,3,4,4,0
0,1,0,0,0,3,4,4,0
0,1,0,0,0,3,4,4,0
0,1,0,0,0,3,4,4,0
0,0,0,0,0,0,1,1,0
0,0,0,0,0,0,1,1,0
0,0,0,0,0,0,1,1,0
0,0,0,0,0,0,1,1,0
0,3,0,0,0,0,0,0,0
0,3,0,0,0,0,0,0,0
0,0,0,0,0,1,1,0,0
0,0,0,0,0,1,1,0,0
0,0,0,0,0,1,1,0,0
0,0,0,0,0,1,1,0,0
0,1,0,0,0,0,1,2,0
0,1,0,0,0,0,1,2,0
0,0,0,0,0,0,0,0,1
0,0,0,0,0,0,0,0,1
0,0,0,0,2,0,3,3,0
0,0,0,0,2,0,3,3,0
0,0,0,0,2,0,3,3,0
0,0,0,0,2,0,3,3,0
0,0,0,0,0,1,0,0,0
0,4,6,0,3,0,17,1,0
0,4,6,0,3,0,17,1,0
0,4,6,0,3,0,17,1,0
0,4,6,0,3,0,17,1,0
0,4,6,0,3,0,17,1,0
0,4,6,0,3,0,17,1,0
0,4,6,0,3,0,17,1,0
0,4,6,0,3,0,17,1,0
0,3,0,0,1,0,4,0,0
0,3,0,0,1,0,4,0,0
0,0,0,0,0,0,1,0,0
0,0,0,0,1,1,1,1,0
0,0,0,0,1,1,1,1,0
0,0,0,0,1,1,1,1,0
0,0,0,0,1,1,1,1,0
0,0,0,0,0,2,0,0,2
0,0,0,1,0,0,0,0,0
0,0,0,0,0,0,1,3,0
0,0,0,0,0,0,1,3,0
0,0,0,0,0,0,1,3,0
0,0,0,0,0,0,1,3,0
0,0,0,0,0,0,1,3,0
0,0,0,0,0,0,1,3,0
0,0,0,0,0,0,1,3,0
0,0,0,0,0,0,1,3,0
0,0,0,0,0,4,0,0,0
0,0,0,0,0,4,0,0,0
0,0,0,0,0,4,0,0,0
0,0,0,0,0,4,0,0,0
0,0,0,0,0,4,0,0,0
0,0,0,0,0,4,0,0,0
0,0,0,1,0,2,0,0,0
0,0,0,1,0,2,0,0,0
0,0,0,1,0,2,0,0,0
0,3,0,0,1,2,2,2,0
0,3,0,0,1,2,2,2,0
0,3,0,0,1,2,2,2,0
0,3,0,0,1,2,2,2,0
0,3,0,0,1,2,2,2,0
0,3,0,0,1,2,2,2,0
0,0,0,0,0,0,1,3,0
0,0,0,0,0,0,1,3,0
0,0,0,0,0,0,1,3,0
0,0,0,0,0,0,1,3,0
0,0,0,0,0,0,1,3,0
0,0,0,0,0,0,1,3,0
0,0,0,0,0,0,1,3,0
0,0,0,0,0,0,1,3,0
0,0,0,0,1,0,0,0,0
0,0,0,0,1,0,0,0,0
0,1,0,0,0,3,2,2,0
0,1,0,0,0,3,2,2,0
0,1,0,0,0,3,2,2,0
0,1,0,0,0,3,2,2,0
0,1,0,0,0,3,2,2,0
0,1,0,0,0,3,2,2,0
0,1,0,0,6,0,0,0,0
0,1,0,0,6,0,0,0,0
0,1,0,0,6,0,0,0,0
0,1,0,0,6,0,0,0,0
0,0,0,0,3,4,3,3,1
0,0,0,0,3,4,3,3,1
0,0,0,0,3,4,3,3,1
0,0,0,0,3,4,3,3,1
0,0,0,0,0,0,1,0,0
0,0,0,0,1,0,0,3,0
0,0,0,0,1,0,0,3,0
0,0,0,0,1,0,0,3,0
0,0,0,0,1,0,0,3,0
0,0,0,0,1,0,0,3,0
0,0,0,0,1,0,0,3,0
0,0,0,0,1,0,0,3,0
0,0,0,0,1,0,0,3,0
0,0,0,0,1,0,0,3,0
0,0,0,0,1,0,0,3,0
0,0,0,0,1,0,0,3,0
0,0,0,0,1,0,0,3,0
0,1,0,0,0,0,0,1,0
0,1,0,0,0,0,0,1,0
0,1,0,0,0,0,0,1,0
0,1,0,0,0,0,0,1,0
0,1,0,0,0,0,0,1,0
0,1,0,0,0,0,0,1,0
0,1,0,0,0,0,0,1,0
0,1,0,0,0,0,0,1,0
0,4,1,0,0,10,5,3,1
0,4,1,0,0,10,5,3,1
0,4,1,0,0,10,5,3,1
0,4,1,0,0,10,5,3,1
0,0,0,0,1,0,3,2,0
0,0,0,0,1,0,3,2,0
0,2,0,1,7,3,9,7,0
0,2,0,1,7,3,9,7,0
0,2,0,1,7,3,9,7,0
0,0,2,0,0,1,2,0,0
0,0,2,0,0,1,2,0,0
0,1,0,0,0,2,0,2,0
0,1,0,0,0,2,0,2,0
0,0,0,0,0,6,3,1,0
0,0,0,0,0,6,3,1,0
0,0,0,0,0,6,3,1,0
0,0,0,0,0,6,3,1,0
0,1,0,0,1,2,2,0,0
0,1,0,0,1,2,2,0,0
0,0,0,0,0,2,2,0,0
0,0,0,0,0,2,2,0,0
0,0,1,0,0,0,3,0,0
0,0,2,0,0,3,3,0,0
0,0,2,0,0,3,3,0,0
0,0,1,0,0,0,5,0,0
0,0,0,1,0,0,2,0,0
0,0,0,1,0,0,2,0,0
0,1,0,0,1,4,4,0,0
0,1,0,0,1,4,4,0,0
0,1,0,0,1,4,4,0,0
0,1,0,0,1,4,4,0,0
0,1,0,0,1,4,4,0,0
0,1,0,0,1,4,4,0,0
0,1,0,0,1,4,4,0,0
0,1,0,0,1,4,4,0,0
0,0,8,0,0,0,7,0,0
0,1,0,0,0,1,0,0,1
0,1,0,0,0,1,0,0,1
0,1,0,0,0,2,0,0,0
0,1,0,0,0,2,0,0,0
0,0,7,0,0,1,4,0,0
0,0,0,0,0,0,3,0,0
0,0,0,0,0,0,3,0,0
1,0,7,0,0,0,23,1,0
1,0,7,0,0,0,23,1,0
0,0,1,0,0,2,2,0,0
0,0,1,0,0,2,2,0,0
0,0,4,0,0,0,4,0,0
0,0,4,0,0,0,4,0,0
0,0,0,0,0,1,1,0,0
0,0,4,0,1,0,1,0,0
0,0,4,0,1,0,1,0,0
0,0,4,0,0,0,3,0,0
0,0,4,0,0,0,3,0,0
0,0,3,0,0,1,4,0,0
0,0,3,0,0,1,4,0,0
0,0,3,0,0,1,4,0,0
0,0,3,0,0,1,4,0,0
0,0,2,0,0,0,5,1,0
0,0,0,0,0,0,2,0,0
0,0,0,0,0,0,2,0,0
0,0,0,0,0,0,2,0,0
0,0,0,0,0,0,2,0,0
0,0,0,0,0,0,2,0,0
0,0,0,0,0,0,2,0,0
0,0,0,0,0,0,2,0,0
0,0,0,0,0,0,2,0,0
0,0,3,0,0,1,4,0,0
0,0,3,0,0,1,4,0,0
0,0,3,0,0,1,4,0,0
0,0,3,0,0,1,4,0,0
0,1,0,0,0,0,0,1,0
0,1,0,0,0,0,0,1,0
0,0,0,0,0,0,0,1,0
0,0,0,0,0,0,0,1,0
0,0,0,0,0,0,5,0,0
0,4,0,1,9,5,2,3,0
0,4,0,1,9,5,2,3,0
0,4,0,1,9,5,2,3,0
0,4,0,1,9,5,2,3,0
0,4,0,1,9,5,2,3,0
0,4,0,1,9,5,2,3,0
0,4,0,1,9,5,2,3,0
0,4,0,1,9,5,2,3,0
0,4,0,1,9,5,2,3,0
0,4,0,1,9,5,2,3,0
0,4,0,1,9,5,2,3,0
0,4,0,1,9,5,2,3,0
0,0,0,1,0,4,2,1,0
0,0,0,1,0,4,2,1,0
0,0,0,1,0,4,2,1,0
0,0,1,0,0,0,1,0,0
0,0,1,0,0,0,1,0,0
0,1,0,0,0,2,8,1,0
0,1,0,0,0,2,8,1,0
0,1,0,0,0,2,8,1,0
0,0,0,0,0,0,1,1,0
0,0,0,0,0,0,1,1,0
0,0,0,0,0,0,2,0,0
0,0,0,0,0,0,2,0,0
0,0,0,0,0,0,5,0,0
0,0,0,0,0,0,5,0,0
0,0,0,1,0,5,1,0,0
0,0,0,1,0,5,1,0,0
0,0,0,1,0,5,1,0,0
0,0,0,1,0,5,1,0,0
0,0,0,0,0,0,1,0,0
0,0,0,0,0,0,1,0,0
0,0,0,0,0,0,2,0,0
0,0,0,0,0,0,2,0,0
0,1,0,0,0,0,0,0,0
0,0,0,2,3,3,0,0,0
0,0,0,2,3,3,0,0,0
0,0,0,2,3,3,0,0,0
0,0,0,0,0,1,0,2,0
0,0,0,0,0,1,0,2,0
0,0,0,0,0,1,1,0,0
0,0,0,0,0,1,1,0,0
0,0,0,0,0,1,1,0,0
0,0,0,0,0,1,1,0,0
0,0,0,0,0,1,2,0,0
0,0,0,0,0,1,2,0,0
0,0,0,0,0,1,2,0,0
0,0,0,0,0,1,2,0,0
0,0,0,0,0,1,2,0,0
0,0,0,0,0,1,2,0,0
0,0,0,0,0,1,2,0,0
0,0,0,0,0,1,2,0,0
0,0,0,0,0,1,2,0,0
0,0,0,0,0,1,2,0,0
0,0,0,0,0,1,2,0,0
0,0,0,0,0,1,2,0,0
0,0,0,0,0,0,3,2,0
0,0,0,0,0,0,3,2,0
0,0,0,0,0,0,3,2,0
0,1,0,0,2,0,2,3,0
0,1,0,0,2,0,2,3,0
0,1,0,0,2,0,2,3,0
0,0,0,0,2,3,1,1,0
0,0,0,0,2,3,1,1,0
0,0,0,0,2,3,1,1,0
1,1,0,0,0,0,0,3,0
1,1,0,0,0,0,0,3,0
0,1,0,0,2,0,2,1,0
0,1,0,0,2,0,2,1,0
0,1,0,0,2,0,2,1,0
0,1,0,0,2,0,2,1,0
0,1,0,0,2,0,2,1,0
0,1,0,0,2,0,2,1,0
0,0,1,0,0,1,1,0,0
0,0,0,0,0,0,6,0,0
0,1,0,1,0,1,2,0,0
0,1,0,1,0,1,2,0,0
0,1,0,1,0,1,2,0,0
0,1,0,1,0,1,2,0,0
0,1,0,1,0,1,2,0,0
0,1,0,1,0,1,2,0,0
0,1,0,1,0,1,2,0,0
0,1,0,1,0,1,2,0,0
0,1,0,1,0,1,2,0,0
0,1,0,1,0,1,2,0,0
0,1,0,1,0,1,2,0,0
0,1,0,1,0,1,2,0,0
0,0,0,0,0,0,1,0,0
0,1,0,1,0,4,2,2,0
0,1,0,1,0,4,2,2,0
0,1,0,1,0,4,2,2,0
0,1,0,1,0,4,2,2,0
0,1,0,1,0,4,2,2,0
0,1,0,1,0,4,2,2,0
0,1,0,1,0,4,2,2,0
0,1,0,1,0,4,2,2,0
0,1,0,1,0,4,2,2,0
0,1,0,1,0,4,2,2,0
0,1,0,1,0,4,2,2,0
0,1,0,1,0,4,2,2,0
0,1,0,0,0,1,1,2,0
0,1,0,0,0,1,1,2,0
0,0,0,0,1,0,1,1,0
0,0,0,0,1,0,1,1,0
1,3,0,0,2,4,3,2,0
1,3,0,0,2,4,3,2,0
1,3,0,0,2,4,3,2,0
1,3,0,0,2,4,3,2,0
1,3,0,0,2,4,3,2,0
1,3,0,0,2,4,3,2,0
1,0,0,0,0,2,5,0,0
0,0,0,0,0,0,1,0,0
0,0,0,0,2,0,1,1,0
0,0,0,0,2,0,1,1,0
0,0,0,0,2,0,1,1,0
0,0,0,0,2,0,1,1,0
0,0,0,0,2,0,1,1,0
0,0,0,0,2,0,1,1,0
0,0,0,0,2,0,1,1,0
0,0,0,0,2,0,1,1,0
0,0,0,0,2,0,1,1,0
0,0,0,0,2,0,1,1,0
0,0,0,0,2,0,1,1,0
0,0,0,0,2,0,1,1,0
0,1,0,0,0,3,2,0,0
0,1,0,0,0,3,2,0,0
0,1,0,0,0,3,2,0,0
0,1,0,0,0,3,2,0,0
0,0,0,0,0,0,1,0,0
0,0,2,0,0,0,0,1,0
0,0,2,0,0,0,0,1,0
0,0,0,0,0,0,3,0,0
0,0,0,0,0,0,2,1,0
0,0,0,0,0,0,2,1,0
0,0,0,0,0,0,2,1,0
0,0,0,0,0,0,2,1,0
0,0,0,1,0,0,2,1,0
0,0,0,1,0,0,2,1,0
0,0,0,1,0,0,2,1,0
0,0,0,1,1,1,0,0,0
0,0,0,1,1,1,0,0,0
0,3,0,1,3,9,33,6,0
0,3,0,1,3,9,33,6,0
0,3,0,1,3,9,33,6,0
0,3,0,1,3,9,33,6,0
0,3,0,1,3,9,33,6,0
0,3,0,1,3,9,33,6,0
0,0,2,1,0,1,1,0,0
0,0,2,1,0,1,1,0,0
0,0,2,1,0,1,1,0,0
0,0,2,1,0,1,1,0,0
0,0,2,1,0,1,1,0,0
0,0,2,1,0,1,1,0,0
0,0,2,1,0,1,1,0,0
0,0,2,1,0,1,1,0,0
0,0,2,1,0,1,1,0,0
0,0,2,1,0,1,1,0,0
0,0,2,1,0,1,1,0,0
0,0,2,1,0,1,1,0,0
0,0,0,0,0,0,4,0,0
0,0,0,0,0,0,1,0,0
0,0,2,0,0,0,4,0,0
0,0,5,1,0,1,4,1,0
0,0,5,1,0,1,4,1,0
0,0,5,1,0,1,4,1,0
0,0,0,0,0,2,0,0,0
0,0,0,0,0,2,0,0,0
0,0,2,0,0,1,5,0,0
0,0,0,0,0,1,2,1,0
0,0,0,0,0,1,2,1,0
0,0,0,0,0,6,3,0,0
0,0,0,0,0,6,3,0,0
0,0,0,0,0,6,3,0,0
0,0,0,0,0,6,3,0,0
0,0,0,0,0,6,3,0,0
0,0,0,0,0,6,3,0,0
0,1,0,0,1,0,0,0,0
0,1,0,0,1,0,0,0,0
0,1,0,0,1,0,0,0,0
0,1,0,0,1,0,0,0,0
0,0,1,1,0,0,1,1,0
1,0,0,0,0,0,1,0,0
0,0,0,1,0,0,3,0,0
0,0,0,0,1,0,0,0,0
0,0,0,0,1,0,0,0,0
0,0,0,0,1,0,0,0,0
0,0,0,0,1,0,0,0,0
0,0,0,0,0,0,2,0,0
0,0,0,0,0,0,2,0,0
0,0,0,0,0,2,0,1,0
0,0,0,0,0,2,0,1,0
0,0,0,0,0,2,0,1,0
0,0,0,0,0,2,0,1,0
0,4,0,1,1,3,0,6,1
0,4,0,1,1,3,0,6,1
0,4,0,1,1,3,0,6,1
0,0,1,0,0,0,11,0,0
0,0,1,0,0,0,11,0,0
0,0,1,0,0,0,11,0,0
0,0,1,0,0,0,11,0,0
0,0,1,0,0,0,11,0,0
0,0,1,0,0,0,11,0,0
0,0,1,0,0,0,11,0,0
0,0,1,0,0,0,11,0,0
0,0,0,0,0,3,0,1,0
0,0,0,0,0,3,0,1,0
0,0,0,0,0,3,0,1,0
0,0,0,0,0,3,0,1,0
0,0,0,0,0,0,3,2,0
0,0,0,0,0,0,3,2,0
0,0,0,0,0,0,3,2,0
0,0,0,0,13,0,0,4,0
0,0,0,0,13,0,0,4,0
0,0,0,0,13,0,0,4,0
0,0,0,0,13,0,0,4,0
0,0,0,0,13,0,0,4,0
0,0,0,0,13,0,0,4,0
0,0,0,0,0,0,2,1,0
0,0,0,0,0,0,2,1,0
0,0,0,0,0,0,2,1,0
0,0,0,0,0,0,2,1,0
0,0,0,0,0,0,2,1,0
0,0,0,0,0,0,2,1,0
0,0,0,0,1,1,4,1,0
0,0,0,0,1,1,4,1,0
0,0,0,0,1,1,4,1,0
0,0,0,1,0,0,1,1,0
0,0,0,1,0,0,1,1,0
0,0,0,1,0,0,1,1,0
0,0,0,1,0,0,1,1,0
0,0,0,0,1,0,8,2,0
0,0,0,0,1,0,8,2,0
0,0,0,0,1,0,8,2,0
0,0,0,0,1,0,8,2,0
0,0,0,0,1,0,8,2,0
0,0,0,0,1,0,8,2,0
0,1,0,0,0,0,1,1,0
0,1,0,0,0,0,1,1,0
0,1,0,0,0,0,1,1,0
0,1,0,0,0,0,1,1,0
0,1,0,0,0,0,1,1,0
0,1,0,0,0,0,1,1,0
0,0,0,1,0,1,0,0,0
0,0,0,1,0,1,0,0,0
0,0,0,1,0,1,0,0,0
0,0,0,1,0,1,0,0,0
0,0,0,0,0,0,1,0,0
0,0,0,0,4,4,1,2,0
0,0,0,0,4,4,1,2,0
0,0,0,0,4,4,1,2,0
0,0,0,0,4,4,1,2,0
0,0,0,0,4,4,1,2,0
0,0,0,0,4,4,1,2,0
0,0,0,0,4,4,1,2,0
0,0,0,0,4,4,1,2,0
0,0,0,0,4,4,1,2,0
0,2,0,0,0,3,1,2,0
0,0,0,0,1,0,0,0,0
0,2,1,0,0,0,3,0,0
0,2,1,0,0,0,3,0,0
0,2,1,0,0,0,3,0,0
0,2,1,0,0,0,3,0,0
0,0,0,1,0,0,0,2,0
0,0,0,1,2,0,0,0,0
0,0,0,1,2,0,0,0,0
0,0,0,1,2,0,0,0,0
0,0,0,1,2,0,0,0,0
0,0,0,0,0,2,0,0,1
0,0,1,1,0,0,1,1,0
0,0,1,1,0,0,1,1,0
0,0,0,0,2,1,1,1,0
0,0,0,0,2,1,1,1,0
0,0,0,0,2,1,1,1,0
0,0,0,0,2,1,1,1,0
0,0,0,0,2,1,1,1,0
0,0,0,0,2,1,1,1,0
0,0,0,0,1,0,0,0,0
0,0,0,0,1,0,0,0,0
0,0,0,0,1,0,0,0,0
0,0,0,0,1,0,0,0,0
0,2,0,0,1,0,3,1,0
0,2,0,0,1,0,3,1,0
0,2,0,0,1,0,3,1,0
0,2,0,0,1,0,3,1,0
0,0,0,0,0,0,6,0,0
0,0,1,0,0,1,2,0,0
0,0,1,0,0,1,2,0,0
0,0,0,0,2,1,1,1,0
0,0,0,0,2,1,1,1,0
0,0,0,0,2,1,1,1,0
0,3,0,0,0,3,1,3,0
0,3,0,0,0,3,1,3,0
0,3,0,0,0,3,1,3,0
0,3,0,0,0,3,1,3,0
0,3,0,0,0,3,1,3,0
0,3,0,0,0,3,1,3,0
0,0,1,0,2,1,4,1,0
0,0,1,0,2,1,4,1,0
0,0,1,0,2,1,4,1,0
0,0,1,0,2,1,4,1,0
0,0,1,0,2,1,4,1,0
0,0,1,0,2,1,4,1,0
0,0,0,0,4,1,0,1,0
0,0,0,0,4,1,0,1,0
0,1,0,2,1,6,2,0,0
0,1,0,2,1,6,2,0,0
0,1,0,2,1,6,2,0,0
0,1,0,2,1,6,2,0,0
0,0,0,0,7,0,1,1,0
0,0,0,0,7,0,1,1,0
0,0,0,0,7,0,1,1,0
0,0,0,0,7,0,1,1,0
0,0,0,0,7,0,1,1,0
0,0,0,0,7,0,1,1,0
0,0,0,0,7,0,1,1,0
0,0,0,0,7,0,1,1,0
0,0,0,0,7,0,1,1,0
0,0,0,0,7,0,1,1,0
0,0,0,0,7,0,1,1,0
0,0,0,0,7,0,1,1,0
0,1,0,0,0,1,1,1,0
0,1,0,0,0,1,1,1,0
0,1,0,0,0,1,1,1,0
0,1,0,0,0,1,1,1,0
0,1,0,0,0,1,1,1,0
0,1,0,0,0,1,1,1,0
0,1,0,0,0,1,1,1,0
0,1,0,0,0,1,1,1,0
0,1,0,0,0,1,1,1,0
0,1,0,0,0,1,1,1,0
0,1,0,0,0,1,1,1,0
0,1,0,0,0,1,1,1,0
0,0,0,0,0,0,1,0,0
0,0,0,0,0,0,1,0,0
0,1,0,1,1,5,5,1,0
0,1,0,1,1,5,5,1,0
0,0,0,0,0,0,0,0,1
0,0,0,0,1,0,0,0,0
0,0,1,0,0,1,4,0,0
0,0,0,0,0,1,1,0,0
0,0,0,0,0,1,1,0,0
0,0,0,0,2,2,1,4,0
0,0,0,0,2,2,1,4,0
0,0,0,0,2,2,1,4,0
0,0,0,0,2,2,1,4,0
0,0,0,0,0,0,13,0,0
0,0,0,0,1,2,1,4,0
0,0,0,0,1,2,1,4,0
0,0,0,0,1,2,1,4,0
0,0,0,0,1,2,1,4,0
0,0,0,0,1,2,1,4,0
0,0,0,0,1,2,1,4,0
0,0,0,0,0,0,2,0,0
0,1,0,0,0,1,0,0,1
0,1,0,0,0,1,0,0,1
0,0,0,0,1,0,0,0,0
0,0,0,0,1,0,0,0,0
0,5,0,0,0,1,2,0,0
0,5,0,0,0,1,2,0,0
0,5,0,0,0,1,2,0,0
0,0,0,0,0,0,9,0,0
0,0,0,0,0,0,9,0,0
0,0,0,0,0,1,0,0,0
0,0,0,0,0,1,0,0,0
0,0,0,0,0,0,1,0,0
0,0,0,0,0,0,5,0,0
0,0,0,0,0,0,5,0,0
0,0,0,0,0,0,1,0,0
0,0,0,0,0,0,1,1,0
0,0,0,0,0,0,1,1,0
0,0,0,0,0,0,3,1,0
0,0,0,0,0,0,3,1,0
0,0,0,0,0,0,0,1,0
0,0,0,0,0,4,1,0,0
0,0,0,0,0,4,1,0,0
0,1,0,1,1,6,4,4,0
0,1,0,1,1,6,4,4,0
0,1,0,1,1,6,4,4,0
0,2,0,2,0,8,5,4,0
0,2,0,2,0,8,5,4,0
0,2,0,2,0,8,5,4,0
0,2,0,2,0,8,5,4,0
0,2,0,2,0,8,5,4,0
0,2,0,2,0,8,5,4,0
0,2,0,2,0,8,5,4,0
0,2,0,2,0,8,5,4,0
0,0,0,0,2,0,0,1,0
0,0,0,0,2,0,0,1,0
0,0,0,0,2,0,0,1,0
0,0,0,0,2,0,0,1,0
0,0,0,0,1,3,0,1,0
0,0,0,0,1,3,0,1,0
0,0,0,0,1,3,0,1,0
0,0,0,0,1,3,0,1,0
0,0,0,0,0,1,0,0,0
0,0,2,0,0,0,1,1,0
0,0,2,0,0,0,1,1,0
0,0,1,0,0,0,3,0,0
0,0,2,0,0,0,3,0,0
0,0,2,0,0,0,3,0,0
0,1,0,0,0,0,0,0,0
0,1,0,0,0,0,0,0,0
0,1,0,0,0,0,0,0,0
0,1,0,0,0,0,0,0,0
0,0,0,1,0,1,0,0,0
0,0,2,0,0,0,6,0,0
0,0,2,0,0,0,6,0,0
0,0,2,0,0,0,6,0,0
0,0,2,0,0,0,6,0,0
0,1,0,0,1,4,1,1,0
0,1,0,0,1,4,1,1,0
0,1,0,0,1,4,1,1,0
0,1,0,1,0,0,0,1,0
0,1,0,1,0,0,0,1,0
0,1,0,1,0,0,0,1,0
0,1,0,1,0,0,0,1,0
0,1,0,0,0,1,0,1,0
0,1,0,0,0,1,0,1,0
0,1,0,0,0,1,0,1,0
0,1,0,0,0,1,0,1,0
0,1,0,0,0,1,0,1,0
0,1,0,0,0,1,0,1,0
0,1,0,0,0,1,0,1,0
0,1,0,0,0,1,0,1,0
0,3,0,0,0,0,0,1,0
0,2,0,0,1,0,1,2,0
0,2,0,0,1,0,1,2,0
0,2,0,0,1,0,1,2,0
0,2,0,0,1,0,1,2,0
0,0,0,0,0,0,1,0,0
0,1,0,2,0,7,1,1,0
0,1,0,2,0,7,1,1,0
0,1,0,2,0,7,1,1,0
0,1,0,2,0,7,1,1,0
0,1,0,2,0,7,1,1,0
0,1,0,2,0,7,1,1,0
0,0,0,1,0,1,0,0,1
0,0,0,1,0,1,0,0,1
0,0,0,1,0,1,0,0,1
0,0,0,1,0,1,0,0,1
0,0,0,1,0,1,0,0,1
0,0,0,1,0,1,0,0,1
0,0,1,0,0,0,1,0,0
0,0,1,0,0,0,1,0,0
0,0,0,0,0,0,3,0,0
0,0,0,0,0,0,3,0,0
0,0,0,0,0,0,1,0,0
0,0,0,0,0,0,0,1,0
0,2,0,0,0,1,0,0,1
0,2,0,0,0,1,0,0,1
0,2,0,0,0,1,0,0,1
0,2,0,0,0,1,0,0,1
0,2,0,0,0,1,0,0,1
0,2,0,0,0,1,0,0,1
0,2,0,0,0,1,0,0,1
0,2,0,0,0,1,0,0,1
0,4,0,0,0,1,2,0,0
0,4,0,0,0,1,2,0,0
0,4,0,0,0,1,2,0,0
0,4,0,0,0,1,2,0,0
0,4,0,0,0,1,2,0,0
0,4,0,0,0,1,2,0,0
0,4,0,0,0,1,2,0,0
0,4,0,0,0,1,2,0,0
0,4,0,0,0,1,2,0,0
0,1,0,2,2,5,2,0,0
0,1,0,2,2,5,2,0,0
0,1,0,2,2,5,2,0,0
0,1,0,2,2,5,2,0,0
0,1,0,0,0,1,6,0,0
0,1,0,0,0,1,6,0,0
0,1,0,0,0,1,6,0,0
0,1,0,0,0,1,6,0,0
1,0,0,0,0,0,1,1,0
1,0,0,0,0,0,1,1,0
0,0,0,0,0,0,3,0,0
0,0,0,0,0,0,3,0,0
0,0,0,1,0,0,8,0,0
0,0,0,0,1,0,1,2,0
0,0,0,0,1,0,1,2,0
0,0,0,0,1,0,1,2,0
0,0,0,0,1,0,1,2,0
0,0,0,0,1,0,1,2,0
0,0,0,0,1,0,1,2,0
0,0,0,0,1,0,1,2,0
0,0,0,0,1,0,1,2,0
0,0,0,0,1,0,1,2,0
0,0,0,0,1,0,1,2,0
0,0,0,0,1,0,1,2,0
0,0,0,0,1,0,1,2,0
0,0,0,0,0,0,0,1,0
0,1,0,1,0,2,3,1,0
0,1,0,1,0,2,3,1,0
0,3,0,2,2,6,9,1,0
0,3,0,2,2,6,9,1,0
0,3,0,2,2,6,9,1,0
0,3,0,2,2,6,9,1,0
0,1,0,1,0,3,2,0,0
0,1,0,1,0,3,2,0,0
0,0,1,0,0,0,2,0,0
0,0,1,0,0,1,8,1,0
0,0,0,0,0,0,3,0,0
0,0,0,0,0,0,3,0,0
0,0,0,0,0,0,3,0,0
0,0,0,0,0,0,3,0,0
0,0,0,0,0,2,2,0,0
0,0,0,0,0,2,2,0,0
0,0,0,0,0,2,2,0,0
0,0,0,0,0,2,2,0,0
0,0,0,0,0,0,2,0,0
0,0,0,0,0,0,2,0,0
0,0,0,0,1,3,2,2,0
0,0,0,0,1,3,2,2,0
0,0,0,0,1,3,2,2,0
0,0,0,0,1,3,2,2,0
0,0,2,0,0,5,4,0,0
0,0,2,0,0,5,4,0,0
0,0,2,0,0,5,4,0,0
0,0,2,0,0,5,4,0,0
0,0,2,0,0,0,1,0,0
0,0,2,0,0,0,1,0,0
0,0,4,0,0,0,5,0,0
0,0,4,0,0,0,5,0,0
0,1,0,0,1,0,1,1,0
0,1,0,0,1,0,1,1,0
0,1,0,0,1,0,1,1,0
0,1,0,0,1,0,1,1,0
0,0,0,0,0,2,1,0,0
0,0,0,0,1,0,1,1,0
0,0,0,0,1,0,1,1,0
0,0,0,0,1,0,1,1,0
0,0,0,0,1,0,1,1,0
0,0,0,0,0,0,0,1,0
0,1,0,1,0,3,6,4,0
0,1,0,1,0,3,6,4,0
0,1,0,1,0,3,6,4,0
1,0,0,1,1,1,1,0,0
1,0,0,1,1,1,1,0,0
1,0,0,1,1,1,1,0,0
1,0,0,1,1,1,1,0,0
1,0,0,1,1,1,1,0,0
1,0,0,1,1,1,1,0,0
0,0,0,0,1,0,6,0,0
0,0,0,0,1,0,6,0,0
0,2,0,0,0,3,1,4,0
0,2,0,0,0,3,1,4,0
0,2,0,0,0,3,1,4,0
0,2,0,0,0,3,1,4,0
0,2,0,0,0,3,1,4,0
0,2,0,0,0,3,1,4,0
0,0,2,0,0,1,5,0,0
0,0,2,0,0,1,5,0,0
0,0,2,0,0,1,5,0,0
0,0,2,0,0,1,5,0,0
0,0,0,0,0,0,1,0,0
0,0,0,0,0,0,1,0,0
0,0,0,0,0,0,1,0,0
0,0,0,0,0,0,1,0,0
0,0,0,0,0,0,1,0,0
0,0,0,0,0,0,1,0,0
0,0,0,0,0,0,1,0,0
0,0,0,0,0,0,1,0,0
0,0,0,0,0,0,1,0,0
0,0,0,0,0,0,1,0,0
0,0,0,0,0,0,1,0,0
0,0,0,0,0,0,1,0,0
0,0,0,0,0,0,1,1,0
0,0,0,0,0,0,1,1,0
0,0,0,0,0,0,1,1,0
0,0,0,0,0,0,1,1,0
0,1,0,0,0,0,1,0,0
0,1,0,0,0,0,1,0,0
0,1,0,0,0,0,1,0,0
0,1,0,0,0,0,1,0,0
0,3,1,1,1,2,1,1,0
0,3,1,1,1,2,1,1,0
0,3,1,1,1,2,1,1,0
0,3,1,1,1,2,1,1,0
0,0,4,0,0,0,3,0,0
0,0,4,0,0,0,3,0,0
0,0,0,0,0,2,2,0,0
0,0,1,0,0,1,1,1,0
0,0,1,0,0,1,1,1,0
0,0,1,0,0,1,1,1,0
0,1,0,0,1,3,3,0,0
0,1,0,0,1,3,3,0,0
0,1,0,0,1,3,3,0,0
0,0,0,0,1,0,2,0,0
0,0,0,0,0,0,1,3,0
0,0,0,0,0,0,1,3,0
0,0,0,0,0,0,1,3,0
0,0,0,0,0,0,1,3,0
0,0,0,0,0,1,0,0,0
0,0,0,0,0,1,0,0,0
0,1,0,2,12,11,0,1,2
0,1,0,2,12,11,0,1,2
0,1,0,2,12,11,0,1,2
0,1,0,2,12,11,0,1,2
0,1,0,2,12,11,0,1,2
0,1,0,2,12,11,0,1,2
0,0,15,1,1,10,9,1,0
0,0,15,1,1,10,9,1,0
0,0,15,1,1,10,9,1,0
0,0,15,1,1,10,9,1,0
0,0,3,0,0,0,0,0,0
0,0,0,1,0,0,4,1,0
0,0,0,1,0,0,4,1,0
0,0,0,1,0,0,4,1,0
0,0,2,0,0,0,4,0,0
0,0,2,0,0,0,4,0,0
0,0,2,0,0,0,4,0,0
0,0,2,0,0,0,4,0,0
0,1,0,0,0,0,0,0,0
0,1,0,0,0,0,0,0,0
0,0,1,0,0,1,3,0,0
0,0,0,2,0,3,3,0,0
0,0,0,2,0,3,3,0,0
0,0,0,0,0,0,5,2,0
0,0,0,0,0,0,5,2,0
0,0,0,0,0,0,5,2,0
0,0,0,0,0,0,5,2,0
0,0,0,0,0,0,5,2,0
0,0,0,0,0,0,5,2,0
0,0,0,0,0,0,1,0,0
0,0,0,0,0,0,1,0,0
0,0,0,0,0,0,2,2,0
0,0,0,0,0,0,2,2,0
0,0,1,0,0,1,2,0,0
0,1,0,0,0,3,2,0,0
0,1,0,0,0,3,2,0,0
0,1,0,0,0,3,2,0,0
0,1,0,0,0,3,2,0,0
0,0,0,1,0,3,5,0,0
0,0,0,1,0,3,5,0,0
0,0,0,1,0,3,5,0,0
0,0,0,1,0,3,5,0,0
0,1,0,2,1,4,2,1,0
0,1,0,2,1,4,2,1,0
0,1,0,2,1,4,2,1,0
0,1,0,2,1,4,2,1,0
0,0,0,0,0,0,5,0,0
0,0,0,0,0,0,5,0,0
0,0,0,0,0,0,5,0,0
0,0,0,0,0,0,5,0,0
0,0,3,0,0,0,4,0,0
0,0,0,1,0,3,3,0,0
0,0,0,1,0,3,3,0,0
0,0,0,0,0,1,0,0,0
0,0,0,0,0,1,0,0,0
0,1,0,0,0,2,1,1,0
0,1,0,0,0,2,1,1,0
0,1,0,0,0,2,1,1,0
0,1,0,0,0,2,1,1,0
0,1,0,0,0,2,1,1,0
0,1,0,0,0,2,1,1,0
0,1,0,0,0,2,1,1,0
0,1,0,0,0,2,1,1,0
0,0,0,0,0,1,0,0,1
0,1,0,0,1,1,0,2,0
0,1,0,0,1,1,0,2,0
0,1,0,0,1,1,0,2,0
0,0,0,0,0,0,33,0,0
0,1,0,0,3,0,1,1,0
0,1,0,0,3,0,1,1,0
0,1,0,0,3,0,1,1,0
0,1,0,0,3,0,1,1,0
0,1,0,0,3,0,1,1,0
0,1,0,0,3,0,1,1,0
0,0,0,0,0,0,1,0,0
0,0,0,0,0,0,1,0,0
0,0,0,0,0,0,1,0,0
0,1,0,0,4,1,1,0,0
0,1,0,0,4,1,1,0,0
0,0,0,0,0,0,0,1,0
0,0,0,0,0,0,0,1,0
0,0,0,0,2,4,2,3,1
0,0,0,0,2,4,2,3,1
0,0,0,0,2,4,2,3,1
0,0,0,0,2,4,2,3,1
0,0,0,0,2,4,2,3,1
0,0,0,0,2,4,2,3,1
0,0,0,0,2,4,2,3,1
0,0,0,0,2,4,2,3,1
0,0,0,0,0,1,0,0,0
0,0,0,0,0,1,0,0,0
0,0,0,0,0,1,0,0,0
0,0,0,0,0,1,2,0,0
0,0,0,0,0,1,2,0,0
0,0,2,0,0,1,3,0,0
0,0,0,0,1,0,1,1,0
0,0,0,0,1,0,1,1,0
0,1,0,1,0,4,0,0,1
0,1,0,1,0,4,0,0,1
0,1,0,1,0,4,0,0,1
0,1,0,1,0,4,0,0,1
0,1,0,0,0,0,2,0,0
0,1,0,0,0,0,2,0,0
0,1,0,0,0,0,2,0,0
0,1,0,0,0,0,2,0,0
0,0,0,0,0,2,3,0,0
0,3,0,0,0,0,0,0,0
0,0,0,0,0,0,9,0,0
0,0,0,0,0,0,9,0,0
0,0,0,0,0,0,9,0,0
0,0,0,0,0,0,9,0,0
0,0,0,0,0,0,0,1,0
0,1,0,0,0,0,1,0,0
0,1,0,0,0,0,1,0,0
0,1,0,0,1,0,1,3,0
0,1,0,0,1,0,1,3,0
0,1,0,0,1,0,1,3,0
0,0,0,1,0,1,0,1,0
0,0,0,1,0,1,0,1,0
0,0,0,1,0,1,0,1,0
0,0,0,1,0,1,0,1,0
0,0,0,0,0,1,2,0,0
0,0,0,0,0,1,2,0,0
0,0,5,0,0,2,5,0,0
0,0,5,0,0,2,5,0,0
0,0,0,0,0,3,4,2,0
0,0,0,0,0,3,4,2,0
0,1,0,0,1,1,2,2,1
0,1,0,0,1,1,2,2,1
0,1,0,0,1,1,2,2,1
0,1,0,0,1,1,2,2,1
0,1,0,0,1,1,2,2,1
0,1,0,0,1,1,2,2,1
0,1,0,1,0,0,0,0,1
0,1,0,1,0,0,0,0,1
0,0,0,0,0,0,2,0,0
0,1,1,3,0,1,3,0,0
0,1,1,3,0,1,3,0,0
0,2,3,0,2,6,12,5,0
0,2,3,0,2,6,12,5,0
0,2,3,0,2,6,12,5,0
0,0,0,0,0,3,0,3,0
0,0,0,0,0,3,0,3,0
0,0,0,0,0,3,0,3,0
0,0,0,0,0,3,0,3,0
0,0,0,0,0,3,0,3,0
0,0,0,0,0,3,0,3,0
0,0,0,0,0,3,0,3,0
0,0,0,0,0,3,0,3,0
0,0,0,0,0,3,0,3,0
0,0,0,0,0,3,0,3,0
0,0,0,0,0,3,0,3,0
0,0,0,0,0,3,0,3,0
0,0,1,0,0,0,4,0,0
0,1,0,2,0,1,0,1,0
0,1,0,2,0,1,0,1,0
0,1,0,2,0,1,0,1,0
0,1,0,2,0,1,0,1,0
0,0,0,0,0,0,4,0,0
0,0,0,0,0,0,4,0,0
0,0,0,0,0,2,2,1,0
0,0,0,0,0,2,2,1,0
0,1,0,0,0,0,0,0,0
0,1,0,0,0,0,0,0,0
0,0,0,0,0,0,1,0,1
0,0,0,0,0,0,1,0,1
0,0,0,0,0,0,1,0,1
0,0,0,0,0,0,1,0,1
0,0,0,0,0,0,2,0,0
0,0,0,0,0,0,4,0,0
0,0,0,0,0,0,4,0,0
0,0,0,0,0,0,2,0,0
0,0,0,0,0,0,2,0,0
0,0,0,0,0,0,2,0,0
0,0,0,0,0,0,2,0,0
0,0,0,0,0,0,0,1,0
0,0,0,0,0,0,1,1,0
0,0,0,0,0,0,1,1,0
0,0,0,0,0,0,1,1,0
0,0,0,0,0,0,1,1,0
0,0,0,0,0,0,0,1,0
0,0,3,0,0,0,0,0,0
0,1,0,0,0,0,0,0,0
0,0,1,0,0,0,0,0,0
0,0,1,0,0,0,0,0,0
0,0,0,0,1,2,1,2,0
0,0,0,0,1,2,1,2,0
0,0,0,0,1,2,1,2,0
0,0,0,0,0,0,1,0,0
0,3,0,0,2,0,0,0,0
0,3,0,0,2,0,0,0,0
0,1,0,0,1,3,2,1,0
0,1,0,0,1,3,2,1,0
0,1,0,0,1,3,2,1,0
0,1,0,0,1,3,2,1,0
0,1,0,0,1,3,2,1,0
0,1,0,0,1,3,2,1,0
0,1,0,0,1,1,1,1,0
0,1,0,0,1,1,1,1,0
0,1,0,0,1,1,1,1,0
0,1,0,0,1,1,1,1,0
0,1,0,0,1,1,1,1,0
0,1,0,0,1,1,1,1,0
0,2,0,4,0,5,4,6,0
0,2,0,4,0,5,4,6,0
0,2,0,4,0,5,4,6,0
0,1,0,1,0,0,0,0,0
0,1,0,1,0,0,0,0,0
0,1,0,0,0,2,2,1,0
0,1,0,0,0,2,2,1,0
0,1,0,0,0,2,2,1,0
0,1,0,0,0,2,2,1,0
0,1,0,0,0,2,2,1,0
0,1,0,0,0,2,2,1,0
0,0,0,0,0,0,6,0,0
0,0,0,0,0,0,6,0,0
0,0,0,0,1,0,4,3,0
0,0,0,0,1,0,4,3,0
0,0,0,0,1,0,4,3,0
0,0,0,0,0,0,1,0,0
0,3,0,0,0,0,5,2,0
0,3,0,0,0,0,5,2,0
0,3,0,0,0,0,5,2,0
0,3,0,0,0,0,5,2,0
0,3,0,0,0,0,5,2,0
0,3,0,0,0,0,5,2,0
0,0,0,0,0,0,0,1,0
0,0,0,0,0,0,0,1,0
0,0,0,0,0,5,1,0,0
0,0,0,2,3,8,1,1,0
0,0,0,2,3,8,1,1,0
0,0,0,2,3,8,1,1,0
0,0,0,2,3,8,1,1,0
0,0,0,2,3,8,1,1,0
0,0,0,2,3,8,1,1,0
0,0,1,0,0,1,4,0,0
0,0,1,0,0,1,4,0,0
0,1,0,0,1,0,2,1,0
0,1,0,0,1,0,2,1,0
0,1,0,0,1,0,2,1,0
0,1,0,0,1,0,2,1,0
0,0,0,0,0,2,1,0,0
0,0,0,0,0,2,1,0,0
0,0,0,0,0,2,1,0,0
0,0,0,0,0,2,1,0,0
0,3,0,0,1,0,2,0,0
0,3,0,0,1,0,2,0,0
0,3,0,0,1,0,2,0,0
0,0,0,0,0,0,5,0,0
0,0,0,0,0,1,0,0,0
0,1,0,0,0,3,2,0,0
0,1,0,0,0,3,2,0,0
0,1,0,0,0,3,2,0,0
0,1,0,0,0,3,2,0,0
0,0,0,0,0,0,2,1,0
0,0,0,0,0,0,2,1,0
0,0,0,0,0,0,2,1,0
0,0,0,0,0,0,2,1,0
0,0,0,0,0,0,1,0,0
0,0,0,0,0,0,1,0,0
0,0,0,0,0,0,0,1,0
0,0,0,0,0,0,2,0,0
0,0,0,0,0,0,1,0,0
0,0,0,0,0,0,1,2,0
0,0,0,0,0,0,1,2,0
0,0,0,0,0,0,1,2,0
0,0,0,0,0,0,1,2,0
0,0,0,0,0,0,1,2,0
0,0,0,0,0,0,1,2,0
0,0,0,0,0,0,1,2,0
0,0,0,0,0,0,1,2,0
0,0,0,0,0,0,4,0,0
0,0,0,0,0,0,4,0,0
0,0,0,2,0,1,1,1,1
0,0,0,2,0,1,1,1,1
0,0,0,2,0,1,1,1,1
0,0,0,2,0,1,1,1,1
0,0,0,2,0,1,1,1,1
0,0,0,2,0,1,1,1,1
0,0,0,0,0,0,1,0,0
0,0,0,0,0,0,0,1,0
0,0,0,0,0,0,0,1,0
0,0,0,0,0,0,4,4,0
0,0,0,0,0,0,4,4,0
0,0,0,0,0,0,4,4,0
0,0,0,0,0,0,4,4,0
0,0,0,0,0,0,4,4,0
0,0,0,0,0,0,4,4,0
0,2,0,0,0,0,0,1,0
0,2,0,0,0,0,0,1,0
0,1,0,0,0,0,0,0,0
0,1,0,0,0,0,0,0,0
0,1,0,0,0,0,0,2,0
0,1,0,0,0,0,0,2,0
1,3,0,0,3,3,2,1,0
1,3,0,0,3,3,2,1,0
1,3,0,0,3,3,2,1,0
1,3,0,0,3,3,2,1,0
1,3,0,0,3,3,2,1,0
1,3,0,0,3,3,2,1,0
0,0,0,0,0,0,1,0,0
0,0,0,0,0,0,1,0,0
0,0,0,0,0,0,1,0,0
0,0,0,0,0,0,4,0,0
0,3,0,0,0,0,8,0,0
0,3,0,0,0,0,8,0,0
0,0,0,0,0,0,2,0,0
0,0,0,0,1,0,1,0,0
0,0,0,0,1,0,1,0,0
0,0,0,0,1,0,1,0,0
0,0,0,0,1,0,1,0,0
0,1,0,0,3,3,1,5,0
0,1,0,0,3,3,1,5,0
0,1,0,0,3,3,1,5,0
0,1,0,0,3,3,1,5,0
0,1,0,0,3,3,1,5,0
0,1,0,0,3,3,1,5,0
0,1,0,0,3,3,1,5,0
0,1,0,0,3,3,1,5,0
0,1,0,0,3,3,1,5,0
0,1,0,0,3,3,1,5,0
0,1,0,0,3,3,1,5,0
0,1,0,0,3,3,1,5,0
0,1,0,0,3,3,1,5,0
0,1,0,0,3,3,1,5,0
0,1,0,0,3,3,1,5,0
0,1,0,0,3,3,1,5,0
0,1,0,0,3,3,1,5,0
0,1,0,0,3,3,1,5,0
0,1,0,0,3,3,1,5,0
0,1,0,0,3,3,1,5,0
0,1,0,0,3,3,1,5,0
0,1,0,0,3,3,1,5,0
0,1,0,0,3,3,1,5,0
0,1,0,0,3,3,1,5,0
0,1,0,0,0,1,2,0,0
0,1,0,0,0,1,2,0,0
0,1,0,0,0,1,2,0,0
0,7,0,0,8,13,13,5,0
0,7,0,0,8,13,13,5,0
0,7,0,0,8,13,13,5,0
0,0,0,0,2,5,1,1,0
0,0,0,0,2,5,1,1,0
0,0,0,0,2,5,1,1,0
0,0,0,0,2,5,1,1,0
0,0,0,0,2,5,1,1,0
0,0,0,0,2,5,1,1,0
0,0,0,0,2,5,1,1,0
0,0,0,0,2,5,1,1,0
0,0,0,0,2,5,1,1,0
0,0,0,0,2,5,1,1,0
0,0,0,0,2,5,1,1,0
0,0,0,0,2,5,1,1,0
0,0,0,0,0,0,2,0,0
0,0,0,0,0,0,2,0,0
0,1,0,2,2,1,0,1,1
0,1,0,2,2,1,0,1,1
0,2,0,0,2,0,1,0,0
0,2,0,0,2,0,1,0,0
0,2,0,0,2,0,1,0,0
0,2,0,0,2,0,1,0,0
0,2,0,0,2,0,1,0,0
0,2,0,0,2,0,1,0,0
0,1,0,0,0,0,1,0,0
0,1,0,0,0,0,1,0,0
0,1,0,0,0,0,1,0,0
0,1,0,0,0,0,1,0,0
0,0,5,0,0,0,0,0,0
0,2,0,0,0,1,1,0,0
0,2,0,0,0,1,1,0,0
0,2,0,0,0,1,1,0,0
0,0,3,0,0,0,9,0,0
0,0,3,0,0,0,9,0,0
0,0,0,0,0,0,1,0,0
0,0,4,1,0,3,8,0,0
0,0,4,1,0,3,8,0,0
0,0,0,0,0,0,1,0,0
0,0,0,0,0,0,1,0,0
0,0,1,0,0,0,1,0,0
0,1,0,0,1,0,7,0,0
0,1,0,0,1,0,7,0,0
0,1,0,0,1,0,7,0,0
0,1,0,0,1,0,7,0,0
0,1,0,0,1,0,7,0,0
0,1,0,0,1,0,7,0,0
0,1,0,0,1,0,7,0,0
0,1,0,0,1,0,7,0,0
0,0,2,0,0,0,0,0,0
0,0,2,0,0,0,0,0,0
0,0,0,1,0,0,0,0,0
0,0,0,1,0,0,0,0,0
0,2,0,0,0,0,1,0,0
0,2,0,0,0,0,1,0,0
0,2,0,0,0,0,1,0,0
0,2,0,0,0,0,1,0,0
0,2,0,0,0,0,1,0,0
0,2,0,0,0,0,1,0,0
0,0,0,0,0,0,10,0,0
0,0,0,2,0,0,0,0,0
0,0,0,2,0,0,0,0,0
0,0,0,2,0,0,0,0,0
0,0,0,2,0,0,0,0,0
0,0,0,0,1,1,1,0,0
0,0,0,0,0,0,3,0,0
0,1,0,0,1,1,4,0,0
0,1,0,0,1,1,4,0,0
0,1,0,0,1,1,4,0,0
0,1,0,0,1,1,4,0,0
0,1,0,0,1,1,4,0,0
0,1,0,0,1,1,4,0,0
0,0,0,0,0,2,1,1,0
0,0,0,0,0,2,1,1,0
0,0,0,0,0,2,1,1,0
0,0,0,0,0,2,1,1,0
0,0,0,0,0,2,1,1,0
0,0,0,0,0,2,1,1,0
0,0,3,0,0,0,4,1,0
0,0,3,0,0,0,4,1,0
0,0,0,1,3,2,2,0,0
0,0,0,1,3,2,2,0,0
0,0,0,0,2,0,0,2,0
0,0,0,0,2,0,0,2,0
0,0,0,0,0,2,1,0,0
0,0,0,0,0,2,1,0,0
0,0,0,0,0,0,1,0,0
0,0,0,0,0,0,1,0,0
0,0,0,0,0,0,1,0,0
0,0,0,0,0,0,0,1,0
0,1,0,0,1,1,0,1,0
0,1,0,0,1,1,0,1,0
0,1,0,0,1,1,0,1,0
0,1,0,0,1,1,0,1,0
0,0,0,0,0,0,1,0,0
0,0,0,1,1,0,0,2,1
0,0,0,1,1,0,0,2,1
0,0,0,1,1,0,0,2,1
0,0,0,1,1,0,0,2,1
0,0,0,1,1,0,0,2,1
0,0,0,1,1,0,0,2,1
0,0,0,1,1,0,0,2,1
0,0,0,1,1,0,0,2,1
1,0,2,0,0,0,2,0,0
1,0,2,0,0,0,2,0,0
0,0,0,1,0,0,0,0,0
0,1,0,0,1,3,6,0,0
0,1,0,0,1,3,6,0,0
0,1,0,0,1,3,6,0,0
0,1,0,0,1,3,6,0,0
0,0,0,0,0,1,5,0,0
0,0,0,0,0,1,5,0,0
1,1,1,1,0,1,13,2,0
1,1,1,1,0,1,13,2,0
1,1,1,1,0,1,13,2,0
1,1,1,1,0,1,13,2,0
0,0,0,1,1,0,0,0,0
1,0,0,0,0,0,0,1,0
1,0,0,0,0,0,0,1,0
1,0,0,0,0,0,0,1,0
1,0,0,0,0,0,0,1,0
0,0,1,0,0,1,4,0,0
0,0,1,0,0,1,4,0,0
0,0,1,0,0,1,4,0,0
0,0,1,0,0,1,4,0,0
0,0,0,1,0,0,1,1,0
0,0,0,1,0,0,1,1,0
0,0,8,0,0,3,6,1,1
0,0,8,0,0,3,6,1,1
0,0,1,0,0,0,3,1,0
0,0,1,0,0,0,3,1,0
0,0,2,1,0,2,2,0,0
0,0,2,1,0,2,2,0,0
0,1,0,0,1,1,1,1,0
0,1,0,0,1,1,1,1,0
0,1,0,0,1,1,1,1,0
0,1,0,0,1,1,1,1,0
0,1,0,0,1,1,1,1,0
0,1,0,0,1,1,1,1,0
0,0,0,0,0,0,1,0,0
0,0,0,0,0,0,1,0,0
0,0,0,0,0,0,1,0,0
0,0,0,0,0,0,1,0,0
0,0,0,0,0,0,5,0,0
0,0,0,0,0,0,5,0,0
0,0,0,0,0,0,5,0,0
0,0,0,0,0,0,5,0,0
0,0,0,0,0,5,0,0,1
0,0,0,0,0,5,0,0,1
0,0,0,0,0,5,0,0,1
0,0,0,0,0,5,0,0,1
0,0,0,0,0,0,1,0,0
0,0,0,0,0,0,1,0,0
0,0,0,0,0,0,1,0,0
0,0,0,0,0,0,1,0,0
0,2,0,3,1,6,1,1,0
0,2,0,3,1,6,1,1,0
0,2,0,3,1,6,1,1,0
0,2,0,3,1,6,1,1,0
0,2,0,3,1,6,1,1,0
0,2,0,3,1,6,1,1,0
0,0,0,0,0,1,2,0,0
0,0,0,0,0,1,2,0,0
0,0,0,0,0,0,6,0,0
0,0,0,0,0,0,6,0,0
0,0,1,0,0,0,5,1,0
0,0,1,0,0,0,5,1,0
0,0,1,0,0,0,5,1,0
0,0,1,0,0,0,5,1,0
0,0,1,0,0,0,5,1,0
0,0,1,0,0,0,5,1,0
0,0,1,0,0,0,5,1,0
0,0,1,0,0,0,5,1,0
0,0,0,0,0,0,7,0,0
0,0,0,0,0,0,7,0,0
0,0,0,0,0,0,0,1,0
0,0,5,0,0,0,3,0,0
0,0,5,0,0,0,3,0,0
0,1,0,0,0,2,1,0,0
0,1,0,0,0,2,1,0,0
0,1,0,0,0,2,1,0,0
0,1,0,0,0,2,1,0,0
0,1,0,0,0,2,1,0,0
0,1,0,0,0,2,1,0,0
0,1,0,0,0,0,8,1,0
0,1,0,0,0,0,8,1,0
0,1,0,0,0,0,8,1,0
0,1,0,0,0,0,8,1,0
0,3,0,0,0,2,2,2,0
0,3,0,0,0,2,2,2,0
0,3,0,0,0,2,2,2,0
0,3,0,0,0,2,2,2,0
0,3,0,0,0,2,2,2,0
0,3,0,0,0,2,2,2,0
0,3,0,0,0,2,2,2,0
0,3,0,0,0,2,2,2,0
0,3,0,0,0,2,2,2,0
0,3,0,0,0,2,2,2,0
0,3,0,0,0,2,2,2,0
0,3,0,0,0,2,2,2,0
0,0,2,0,0,0,4,0,0
0,0,2,0,0,0,4,0,0
0,0,2,0,0,0,4,0,0
0,0,2,0,0,0,4,0,0
0,0,1,0,0,1,1,0,0
0,0,1,0,0,1,1,0,0
0,0,7,0,0,0,1,2,0
0,0,7,0,0,0,1,2,0
0,0,0,0,0,1,4,0,0
0,0,0,0,0,1,4,0,0
0,1,1,1,0,1,1,0,0
0,1,1,1,0,1,1,0,0
0,1,0,0,1,0,1,1,0
0,1,0,0,1,0,1,1,0
0,1,0,0,1,0,1,1,0
0,1,0,0,1,0,1,1,0
0,1,0,0,0,0,0,0,1
0,1,0,0,0,0,0,0,1
0,1,0,0,0,0,0,0,1
0,1,0,0,0,0,0,0,1
0,1,0,0,0,0,0,0,1
0,1,0,0,0,0,0,0,1
0,1,0,0,1,1,0,1,0
0,1,0,0,1,1,0,1,0
0,4,0,1,3,4,5,3,0
0,4,0,1,3,4,5,3,0
0,4,0,1,3,4,5,3,0
0,4,0,1,3,4,5,3,0
0,4,0,1,3,4,5,3,0
0,4,0,1,3,4,5,3,0
0,4,0,1,3,4,5,3,0
0,4,0,1,3,4,5,3,0
0,4,0,1,3,4,5,3,0
0,4,0,1,3,4,5,3,0
0,4,0,1,3,4,5,3,0
0,4,0,1,3,4,5,3,0
0,1,0,0,1,1,2,1,0
0,1,0,0,1,1,2,1,0
0,1,0,0,1,1,2,1,0
0,1,0,0,0,0,0,2,0
0,1,0,0,0,0,0,2,0
0,1,0,0,6,6,1,2,0
0,1,0,0,6,6,1,2,0
0,1,0,0,6,6,1,2,0
0,0,0,0,0,0,1,0,0
0,0,0,0,0,0,0,1,0
0,0,0,0,0,0,0,1,0
0,0,0,0,0,0,0,1,0
0,0,0,0,0,0,0,1,0
0,1,0,1,0,2,0,0,0
0,1,0,1,0,2,0,0,0
0,0,0,0,2,0,2,1,0
0,0,0,0,2,0,2,1,0
0,0,0,0,0,2,0,0,0
0,0,0,0,0,2,0,0,0
0,0,0,0,0,0,0,1,0
0,0,0,0,0,0,0,1,0
0,0,0,0,0,0,0,0,1
0,0,0,0,0,0,0,0,1
0,0,0,0,0,0,1,0,0
0,0,0,0,0,8,2,1,2
0,0,0,0,0,8,2,1,2
0,0,0,0,0,8,2,1,2
0,0,0,0,0,8,2,1,2
0,0,0,0,0,8,2,1,2
0,0,0,0,0,8,2,1,2
1,0,0,2,0,0,7,1,0
1,0,0,2,0,0,7,1,0
0,0,0,0,0,0,0,3,0
0,0,0,0,0,0,0,3,0
0,0,0,0,3,0,0,0,0
0,0,0,0,3,0,0,0,0
0,0,0,0,3,0,0,0,0
0,0,0,0,3,0,0,0,0
0,1,0,0,2,4,1,0,0
0,1,0,0,2,4,1,0,0
0,1,0,0,2,4,1,0,0
0,0,0,0,0,3,2,1,2
0,0,0,0,0,3,2,1,2
0,0,0,0,0,3,2,1,2
0,0,0,0,0,0,0,1,0
0,0,0,0,0,0,0,1,0
0,0,0,0,0,0,0,1,0
0,0,0,0,0,0,0,2,0
0,0,0,0,1,0,0,2,0
0,0,0,0,1,0,0,2,0
0,0,0,0,1,0,0,2,0
0,0,0,0,1,0,0,2,0
0,3,1,0,5,3,5,9,0
0,3,1,0,5,3,5,9,0
0,3,1,0,5,3,5,9,0
0,0,2,0,0,1,3,0,0
0,0,0,1,0,1,1,1,2
0,0,0,1,0,1,1,1,2
0,0,0,1,0,1,1,1,2
0,0,0,0,0,0,2,0,0
0,0,0,0,0,0,2,0,0
0,0,0,0,2,3,1,1,0
0,0,0,0,2,3,1,1,0
0,0,0,0,0,0,0,1,0
0,0,0,0,0,0,0,1,0
0,0,2,0,0,0,4,0,0
0,0,2,0,0,0,4,0,0
0,1,0,0,1,2,3,1,0
0,1,0,0,1,2,3,1,0
0,0,0,0,0,0,2,0,0
0,0,1,0,0,1,3,0,0
0,0,3,0,0,0,2,0,0
0,0,1,0,0,0,3,1,0
0,0,2,0,0,0,0,1,0
0,0,2,0,0,0,0,1,0
0,0,2,0,0,0,0,1,0
0,0,2,0,0,0,0,1,0
0,0,0,0,0,0,1,0,0
0,0,0,0,1,0,0,2,0
0,0,0,0,1,0,0,2,0
0,0,0,0,0,0,7,0,0
0,0,1,0,0,0,5,0,0
0,0,0,0,0,0,9,0,0
0,0,0,0,0,0,9,0,0
0,0,20,0,0,0,3,1,0
0,0,20,0,0,0,3,1,0
0,4,0,0,0,2,2,6,0
0,4,0,0,0,2,2,6,0
0,4,0,0,0,2,2,6,0
0,4,0,0,0,2,2,6,0
0,4,0,0,0,2,2,6,0
0,4,0,0,0,2,2,6,0
1,1,0,0,3,1,1,0,0
1,1,0,0,3,1,1,0,0
1,1,0,0,3,1,1,0,0
0,0,0,0,0,0,8,1,0
0,0,0,0,0,0,8,1,0
0,0,0,0,0,0,8,1,0
0,0,0,0,0,0,8,1,0
0,0,0,0,0,0,1,0,0
0,0,0,0,0,0,1,0,0
0,1,0,1,5,5,5,3,0
0,1,0,1,5,5,5,3,0
0,1,0,1,5,5,5,3,0
0,1,0,1,5,5,5,3,0
0,1,0,1,5,5,5,3,0
0,1,0,1,5,5,5,3,0
0,0,3,2,1,0,3,0,0
0,0,3,2,1,0,3,0,0
0,2,0,2,3,2,2,2,1
0,2,0,2,3,2,2,2,1
0,2,0,2,3,2,2,2,1
0,2,0,2,3,2,2,2,1
0,2,0,2,3,2,2,2,1
0,2,0,2,3,2,2,2,1
0,2,0,2,3,2,2,2,1
0,2,0,2,3,2,2,2,1
0,2,0,2,3,2,2,2,1
0,0,0,0,0,0,2,1,0
0,0,0,0,0,0,2,1,0
0,1,1,0,0,0,0,0,0
0,1,0,1,2,3,1,16,0
0,1,0,1,2,3,1,16,0
0,1,0,1,2,3,1,16,0
0,1,0,1,2,3,1,16,0
0,0,0,0,0,0,0,1,0
0,0,0,1,0,0,0,1,0
0,0,0,1,0,0,0,1,0
0,0,0,0,0,0,2,2,0
0,0,0,0,0,0,2,2,0
0,0,0,0,0,0,2,2,0
0,0,0,0,0,2,2,0,0
0,0,0,0,0,2,2,0,0
0,0,0,0,0,2,2,0,0
0,0,0,0,0,2,2,0,0
0,0,0,0,0,2,2,0,0
0,0,0,0,0,2,2,0,0
0,0,0,0,0,2,2,0,0
0,0,0,0,0,2,2,0,0
0,0,0,0,0,0,2,0,0
0,0,0,0,0,0,2,0,0
0,0,0,0,0,1,0,0,0
0,0,0,0,2,8,3,1,0
0,0,0,0,2,8,3,1,0
0,0,0,0,2,8,3,1,0
0,0,0,0,3,0,0,1,0
0,0,0,0,3,0,0,1,0
0,0,0,0,1,0,1,1,0
0,0,0,0,1,0,1,1,0
0,0,0,0,1,0,1,1,0
0,0,0,0,1,0,1,1,0
0,0,0,0,1,0,1,1,0
0,0,0,0,1,0,1,1,0
0,0,0,0,1,0,1,1,0
0,0,0,0,1,0,1,1,0
0,1,0,0,1,1,0,2,0
0,1,0,0,1,1,0,2,0
0,1,0,0,1,1,0,2,0
0,1,0,0,1,1,0,2,0
0,1,0,0,1,1,0,2,0
0,1,0,0,1,1,0,2,0
0,0,0,0,0,0,10,0,0
0,0,0,0,0,0,2,0,0
0,0,0,0,0,0,2,0,0
0,0,0,0,0,0,4,0,0
0,0,0,0,0,0,4,0,0
0,0,0,0,0,0,4,0,0
0,0,0,0,0,0,4,0,0
0,3,0,0,1,0,4,0,0
0,3,0,0,1,0,4,0,0
0,3,0,0,1,0,4,0,0
0,3,0,0,1,0,4,0,0
0,0,0,1,0,4,5,0,0
0,0,0,1,0,4,5,0,0
0,0,0,1,0,4,5,0,0
0,0,0,1,0,4,5,0,0
0,1,0,0,0,0,0,2,0
0,1,0,0,0,0,0,2,0
0,1,0,0,0,0,0,2,0
0,1,0,0,0,0,0,2,0
0,0,0,0,0,1,0,0,0
0,0,0,0,0,0,1,0,0
0,0,0,1,1,1,0,1,0
0,0,0,1,1,1,0,1,0
0,0,0,0,0,0,1,2,0
0,0,0,0,0,0,1,2,0
0,0,0,0,0,0,0,2,0
0,1,0,0,1,0,9,6,0
0,1,0,0,1,0,9,6,0
0,1,0,0,1,0,9,6,0
0,1,0,0,1,0,9,6,0
0,1,0,0,1,0,9,6,0
0,1,0,0,1,0,9,6,0
0,0,0,2,0,0,1,1,0
0,0,0,2,0,0,1,1,0
0,0,0,2,0,0,1,1,0
0,0,0,2,0,0,1,1,0
0,0,0,2,0,0,1,1,0
0,0,0,2,0,0,1,1,0
0,0,0,2,0,0,1,1,0
0,0,0,2,0,0,1,1,0
0,0,0,0,0,0,0,1,0
0,0,0,0,0,0,0,1,0
0,0,0,0,0,0,0,1,0
0,0,0,0,0,0,0,1,0
0,0,0,0,0,0,1,0,0
0,1,0,0,0,8,3,0,0
0,1,0,0,0,8,3,0,0
0,0,2,1,0,0,0,0,0
0,0,2,1,0,0,0,0,0
0,1,0,0,1,0,0,1,0
0,0,0,0,1,1,4,0,0
0,0,0,0,1,1,4,0,0
0,0,0,0,1,1,4,0,0
0,0,0,0,1,1,4,0,0
0,0,0,0,1,1,4,0,0
0,0,0,0,1,1,4,0,0
0,0,0,0,0,0,8,0,0
